Time,Amplitude
0.0,1.0
0.001000250062515629,1.0
0.002000500125031258,1.0
0.003000750187546887,1.0
0.004001000250062516,1.0
0.005001250312578145,1.0
0.006001500375093774,1.0
0.007001750437609403,1.0
0.008002000500125032,1.0
0.009002250562640661,1.0
0.01000250062515629,1.0
0.01100275068767192,1.0
0.012003000750187547,1.0
0.013003250812703177,1.0
0.014003500875218806,1.0
0.015003750937734435,1.0
0.016004001000250064,1.0
0.017004251062765693,1.0
0.018004501125281323,1.0
0.019004751187796952,1.0
0.02000500125031258,1.0
0.02100525131282821,1.0
0.02200550137534384,1.0
0.02300575143785947,1.0
0.024006001500375095,1.0
0.025006251562890724,1.0
0.026006501625406353,1.0
0.027006751687921982,1.0
0.02800700175043761,1.0
0.02900725181295324,1.0
0.03000750187546887,1.0
0.0310077519379845,1.0
0.03200800200050013,1.0
0.033008252063015754,1.0
0.03400850212553139,1.0
0.03500875218804701,1.0
0.036009002250562645,1.0
0.03700925231307827,1.0
0.038009502375593904,1.0
0.03900975243810953,1.0
0.04001000250062516,1.0
0.04101025256314079,1.0
0.04201050262565642,1.0
0.043010752688172046,1.0
0.04401100275068768,1.0
0.045011252813203305,1.0
0.04601150287571894,1.0
0.04701175293823456,1.0
0.04801200300075019,1.0
0.04901225306326582,1.0
0.05001250312578145,1.0
0.05101275318829708,1.0
0.052013003250812706,1.0
0.05301325331332834,1.0
0.054013503375843964,1.0
0.0550137534383596,1.0
0.05601400350087522,1.0
0.057014253563390856,1.0
0.05801450362590648,1.0
0.059014753688422114,1.0
0.06001500375093774,1.0
0.06101525381345337,1.0
0.062015503875969,1.0
0.06301575393848463,1.0
0.06401600400100026,1.0
0.06501625406351588,1.0
0.06601650412603151,1.0
0.06701675418854715,1.0
0.06801700425106277,1.0
0.0690172543135784,1.0
0.07001750437609403,1.0
0.07101775443860966,1.0
0.07201800450112529,1.0
0.07301825456364092,1.0
0.07401850462615654,1.0
0.07501875468867218,1.0
0.07601900475118781,1.0
0.07701925481370343,1.0
0.07801950487621906,1.0
0.0790197549387347,1.0
0.08002000500125032,1.0
0.08102025506376595,1.0
0.08202050512628158,1.0
0.0830207551887972,1.0
0.08402100525131284,1.0
0.08502125531382847,1.0
0.08602150537634409,1.0
0.08702175543885972,1.0
0.08802200550137536,1.0
0.08902225556389098,1.0
0.09002250562640661,1.0
0.09102275568892224,1.0
0.09202300575143788,1.0
0.0930232558139535,1.0
0.09402350587646913,1.0
0.09502375593898475,1.0
0.09602400600150038,1.0
0.09702425606401602,1.0
0.09802450612653164,1.0
0.09902475618904727,1.0
0.1000250062515629,1.0
0.10102525631407853,1.0
0.10202550637659416,1.0
0.10302575643910979,1.0
0.10402600650162541,1.0
0.10502625656414105,1.0
0.10602650662665668,1.0
0.1070267566891723,1.0
0.10802700675168793,1.0
0.10902725681420357,1.0
0.1100275068767192,1.0
0.11102775693923482,1.0
0.11202800700175045,1.0
0.11302825706426607,1.0
0.11402850712678171,1.0
0.11502875718929734,1.0
0.11602900725181296,1.0
0.11702925731432859,1.0
0.11802950737684423,1.0
0.11902975743935985,1.0
0.12003000750187548,1.0
0.1210302575643911,1.0
0.12203050762690675,1.0
0.12303075768942237,1.0
0.124031007751938,1.0
0.12503125781445362,1.0
0.12603150787696926,1.0
0.12703175793948487,1.0
0.1280320080020005,1.0
0.12903225806451615,1.0
0.13003250812703177,1.0
0.1310327581895474,1.0
0.13203300825206302,1.0
0.13303325831457866,1.0
0.1340335083770943,1.0
0.1350337584396099,1.0
0.13603400850212555,1.0
0.1370342585646412,1.0
0.1380345086271568,1.0
0.13903475868967244,1.0
0.14003500875218805,1.0
0.1410352588147037,1.0
0.14203550887721933,1.0
0.14303575893973494,1.0
0.14403600900225058,1.0
0.1450362590647662,1.0
0.14603650912728183,1.0
0.14703675918979747,1.0
0.14803700925231308,1.0
0.14903725931482872,1.0
0.15003750937734436,1.0
0.15103775943985998,1.0
0.15203800950237562,1.0
0.15303825956489123,1.0
0.15403850962740687,1.0
0.1550387596899225,1.0
0.15603900975243812,1.0
0.15703925981495376,1.0
0.1580395098774694,1.0
0.159039759939985,1.0
0.16004001000250065,1.0
0.16104026006501626,1.0
0.1620405101275319,1.0
0.16304076019004754,1.0
0.16404101025256315,1.0
0.1650412603150788,1.0
0.1660415103775944,1.0
0.16704176044011004,1.0
0.16804201050262568,1.0
0.1690422605651413,1.0
0.17004251062765693,1.0
0.17104276069017257,1.0
0.17204301075268819,1.0
0.17304326081520383,1.0
0.17404351087771944,1.0
0.17504376094023508,1.0
0.17604401100275072,1.0
0.17704426106526633,1.0
0.17804451112778197,1.0
0.17904476119029758,1.0
0.18004501125281322,1.0
0.18104526131532886,1.0
0.18204551137784447,1.0
0.1830457614403601,1.0
0.18404601150287575,1.0
0.18504626156539136,1.0
0.186046511627907,1.0
0.1870467616904226,1.0
0.18804701175293825,1.0
0.1890472618154539,1.0
0.1900475118779695,1.0
0.19104776194048514,1.0
0.19204801200300076,1.0
0.1930482620655164,1.0
0.19404851212803204,1.0
0.19504876219054765,1.0
0.1960490122530633,1.0
0.19704926231557893,1.0
0.19804951237809454,1.0
0.19904976244061018,1.0
0.2000500125031258,1.0
0.20105026256564143,1.0
0.20205051262815707,1.0
0.20305076269067268,1.0
0.20405101275318832,1.0
0.20505126281570396,1.0
0.20605151287821957,1.0
0.2070517629407352,1.0
0.20805201300325082,1.0
0.20905226306576646,1.0
0.2100525131282821,1.0
0.21105276319079772,1.0
0.21205301325331335,1.0
0.21305326331582897,1.0
0.2140535133783446,1.0
0.21505376344086025,1.0
0.21605401350337586,1.0
0.2170542635658915,1.0
0.21805451362840714,1.0
0.21905476369092275,1.0
0.2200550137534384,1.0
0.221055263815954,1.0
0.22205551387846964,1.0
0.22305576394098528,1.0
0.2240560140035009,1.0
0.22505626406601653,1.0
0.22605651412853214,1.0
0.22705676419104778,1.0
0.22805701425356342,1.0
0.22905726431607903,1.0
0.23005751437859467,1.0
0.2310577644411103,1.0
0.23205801450362593,1.0
0.23305826456614157,1.0
0.23405851462865718,1.0
0.23505876469117282,1.0
0.23605901475368846,1.0
0.23705926481620407,1.0
0.2380595148787197,1.0
0.23905976494123535,1.0
0.24006001500375096,1.0
0.2410602650662666,1.0
0.2420605151287822,1.0
0.24306076519129785,1.0
0.2440610152538135,1.0
0.2450612653163291,1.0
0.24606151537884474,1.0
0.24706176544136035,1.0
0.248062015503876,1.0
0.24906226556639163,1.0
0.25006251562890724,1.0
0.2510627656914229,1.0
0.2520630157539385,1.0
0.25306326581645416,1.0
0.25406351587896975,1.0
0.2550637659414854,1.0
0.256064016004001,1.0
0.25706426606651667,1.0
0.2580645161290323,1.0
0.2590647661915479,1.0
0.26006501625406353,1.0
0.26106526631657917,1.0
0.2620655163790948,1.0
0.26306576644161045,1.0
0.26406601650412603,1.0
0.2650662665666417,1.0
0.2660665166291573,1.0
0.26706676669167295,1.0
0.2680670167541886,1.0
0.26906726681670423,1.0
0.2700675168792198,1.0
0.27106776694173546,1.0
0.2720680170042511,1.0
0.27306826706676673,1.0
0.2740685171292824,1.0
0.27506876719179796,1.0
0.2760690172543136,1.0
0.27706926731682924,1.0
0.2780695173793449,1.0
0.2790697674418605,1.0
0.2800700175043761,1.0
0.28107026756689174,1.0
0.2820705176294074,1.0
0.283070767691923,1.0
0.28407101775443866,1.0
0.28507126781695424,1.0
0.2860715178794699,1.0
0.2870717679419855,1.0
0.28807201800450116,1.0
0.2890722680670168,1.0
0.2900725181295324,1.0
0.291072768192048,1.0
0.29207301825456367,1.0
0.2930732683170793,1.0
0.29407351837959494,1.0
0.2950737684421106,1.0
0.29607401850462617,1.0
0.2970742685671418,1.0
0.29807451862965745,1.0
0.2990747686921731,1.0
0.3000750187546887,1.0
0.3010752688172043,1.0
0.30207551887971995,1.0
0.3030757689422356,1.0
0.30407601900475123,1.0
0.30507626906726687,1.0
0.30607651912978245,1.0
0.3070767691922981,1.0
0.30807701925481373,1.0
0.3090772693173294,1.0
0.310077519379845,1.0
0.3110777694423606,1.0
0.31207801950487624,1.0
0.3130782695673919,1.0
0.3140785196299075,1.0
0.31507876969242316,1.0
0.3160790197549388,1.0
0.3170792698174544,1.0
0.31807951987997,1.0
0.31907976994248566,1.0
0.3200800200050013,1.0
0.32108027006751694,1.0
0.3220805201300325,1.0
0.32308077019254816,1.0
0.3240810202550638,1.0
0.32508127031757944,1.0
0.3260815203800951,1.0
0.32708177044261066,1.0
0.3280820205051263,1.0
0.32908227056764194,1.0
0.3300825206301576,1.0
0.3310827706926732,1.0
0.3320830207551888,1.0
0.33308327081770445,1.0
0.3340835208802201,1.0
0.3350837709427357,1.0
0.33608402100525137,1.0
0.33708427106776695,1.0
0.3380845211302826,1.0
0.33908477119279823,1.0
0.34008502125531387,1.0
0.3410852713178295,1.0
0.34208552138034515,1.0
0.34308577144286073,1.0
0.34408602150537637,1.0
0.345086271567892,1.0
0.34608652163040765,1.0
0.3470867716929233,1.0
0.3480870217554389,1.0
0.3490872718179545,1.0
0.35008752188047015,1.0
0.3510877719429858,1.0
0.35208802200550143,1.0
0.353088272068017,1.0
0.35408852213053266,1.0
0.3550887721930483,1.0
0.35608902225556394,1.0
0.3570892723180796,1.0
0.35808952238059516,1.0
0.3590897724431108,1.0
0.36009002250562644,1.0
0.3610902725681421,1.0
0.3620905226306577,1.0
0.36309077269317336,1.0
0.36409102275568894,1.0
0.3650912728182046,1.0
0.3660915228807202,1.0
0.36709177294323586,1.0
0.3680920230057515,1.0
0.3690922730682671,1.0
0.3700925231307827,1.0
0.37109277319329836,1.0
0.372093023255814,1.0
0.37309327331832964,1.0
0.3740935233808452,1.0
0.37509377344336087,0.0
0.3760940235058765,0.0
0.37709427356839215,0.0
0.3780945236309078,0.0
0.37909477369342337,0.0
0.380095023755939,0.0
0.38109527381845465,0.0
0.3820955238809703,0.0
0.38309577394348593,0.0
0.3840960240060015,0.0
0.38509627406851715,0.0
0.3860965241310328,0.0
0.38709677419354843,0.0
0.38809702425606407,0.0
0.3890972743185797,0.0
0.3900975243810953,0.0
0.39109777444361093,0.0
0.3920980245061266,0.0
0.3930982745686422,0.0
0.39409852463115785,0.0
0.39509877469367344,0.0
0.3960990247561891,0.0
0.3970992748187047,0.0
0.39809952488122036,0.0
0.399099774943736,0.0
0.4001000250062516,0.0
0.4011002750687672,0.0
0.40210052513128286,0.0
0.4031007751937985,0.0
0.40410102525631414,0.0
0.4051012753188297,0.0
0.40610152538134536,0.0
0.407101775443861,0.0
0.40810202550637664,0.0
0.4091022755688923,0.0
0.4101025256314079,0.0
0.4111027756939235,0.0
0.41210302575643915,0.0
0.4131032758189548,0.0
0.4141035258814704,0.0
0.41510377594398606,0.0
0.41610402600650165,0.0
0.4171042760690173,0.0
0.4181045261315329,0.0
0.41910477619404857,0.0
0.4201050262565642,0.0
0.4211052763190798,0.0
0.42210552638159543,0.0
0.42310577644411107,0.0
0.4241060265066267,0.0
0.42510627656914235,0.0
0.42610652663165793,0.0
0.4271067766941736,0.0
0.4281070267566892,0.0
0.42910727681920485,0.0
0.4301075268817205,0.0
0.43110777694423613,0.0
0.4321080270067517,0.0
0.43310827706926736,0.0
0.434108527131783,0.0
0.43510877719429863,0.0
0.4361090272568143,0.0
0.43710927731932986,0.0
0.4381095273818455,0.0
0.43910977744436114,0.0
0.4401100275068768,0.0
0.4411102775693924,0.0
0.442110527631908,0.0
0.44311077769442364,0.0
0.4441110277569393,0.0
0.4451112778194549,0.0
0.44611152788197056,0.0
0.44711177794448614,0.0
0.4481120280070018,0.0
0.4491122780695174,0.0
0.45011252813203306,0.0
0.4511127781945487,0.0
0.4521130282570643,0.0
0.4531132783195799,0.0
0.45411352838209557,0.0
0.4551137784446112,0.0
0.45611402850712685,0.0
0.4571142785696425,0.0
0.45811452863215807,0.0
0.4591147786946737,0.0
0.46011502875718935,0.0
0.461115278819705,0.0
0.4621155288822206,0.0
0.4631157789447362,0.0
0.46411602900725185,0.0
0.4651162790697675,0.0
0.46611652913228313,0.0
0.46711677919479877,0.0
0.46811702925731435,0.0
0.46911727931983,0.0
0.47011752938234563,0.0
0.4711177794448613,0.0
0.4721180295073769,0.0
0.4731182795698925,0.0
0.47411852963240814,0.0
0.4751187796949238,0.0
0.4761190297574394,0.0
0.47711927981995506,0.0
0.4781195298824707,0.0
0.4791197799449863,0.0
0.4801200300075019,0.0
0.48112028007001756,0.0
0.4821205301325332,0.0
0.48312078019504884,0.0
0.4841210302575644,0.0
0.48512128032008006,0.0
0.4861215303825957,0.0
0.48712178044511134,0.0
0.488122030507627,0.0
0.48912228057014256,0.0
0.4901225306326582,0.0
0.49112278069517384,0.0
0.4921230307576895,0.0
0.4931232808202051,0.0
0.4941235308827207,0.0
0.49512378094523635,0.0
0.496124031007752,0.0
0.4971242810702676,0.0
0.49812453113278327,0.0
0.49912478119529885,0.0
0.5001250312578145,1.0
0.5011252813203302,1.0
0.5021255313828458,1.0
0.5031257814453614,1.0
0.504126031507877,1.0
0.5051262815703926,1.0
0.5061265316329083,1.0
0.5071267816954239,1.0
0.5081270317579395,1.0
0.5091272818204552,1.0
0.5101275318829708,1.0
0.5111277819454865,1.0
0.512128032008002,1.0
0.5131282820705176,1.0
0.5141285321330333,1.0
0.5151287821955489,1.0
0.5161290322580646,1.0
0.5171292823205802,1.0
0.5181295323830958,1.0
0.5191297824456115,1.0
0.5201300325081271,1.0
0.5211302825706428,1.0
0.5221305326331583,1.0
0.5231307826956739,1.0
0.5241310327581896,1.0
0.5251312828207052,1.0
0.5261315328832209,1.0
0.5271317829457365,1.0
0.5281320330082521,1.0
0.5291322830707678,1.0
0.5301325331332833,1.0
0.531132783195799,1.0
0.5321330332583146,1.0
0.5331332833208302,1.0
0.5341335333833459,1.0
0.5351337834458615,1.0
0.5361340335083772,1.0
0.5371342835708928,1.0
0.5381345336334085,1.0
0.539134783695924,1.0
0.5401350337584396,1.0
0.5411352838209553,1.0
0.5421355338834709,1.0
0.5431357839459866,1.0
0.5441360340085022,1.0
0.5451362840710178,1.0
0.5461365341335335,1.0
0.547136784196049,1.0
0.5481370342585647,1.0
0.5491372843210803,1.0
0.5501375343835959,1.0
0.5511377844461116,1.0
0.5521380345086272,1.0
0.5531382845711429,1.0
0.5541385346336585,1.0
0.5551387846961741,1.0
0.5561390347586898,1.0
0.5571392848212053,1.0
0.558139534883721,1.0
0.5591397849462366,1.0
0.5601400350087522,1.0
0.5611402850712679,1.0
0.5621405351337835,1.0
0.5631407851962992,1.0
0.5641410352588148,1.0
0.5651412853213303,1.0
0.566141535383846,1.0
0.5671417854463616,1.0
0.5681420355088773,1.0
0.5691422855713929,1.0
0.5701425356339085,1.0
0.5711427856964242,1.0
0.5721430357589398,1.0
0.5731432858214555,1.0
0.574143535883971,1.0
0.5751437859464866,1.0
0.5761440360090023,1.0
0.5771442860715179,1.0
0.5781445361340336,1.0
0.5791447861965492,1.0
0.5801450362590648,1.0
0.5811452863215805,1.0
0.582145536384096,1.0
0.5831457864466117,1.0
0.5841460365091273,1.0
0.585146286571643,1.0
0.5861465366341586,1.0
0.5871467866966742,1.0
0.5881470367591899,1.0
0.5891472868217055,1.0
0.5901475368842212,1.0
0.5911477869467368,1.0
0.5921480370092523,1.0
0.593148287071768,1.0
0.5941485371342836,1.0
0.5951487871967993,1.0
0.5961490372593149,1.0
0.5971492873218305,1.0
0.5981495373843462,1.0
0.5991497874468618,1.0
0.6001500375093775,1.0
0.601150287571893,1.0
0.6021505376344086,1.0
0.6031507876969243,1.0
0.6041510377594399,1.0
0.6051512878219556,1.0
0.6061515378844712,1.0
0.6071517879469868,1.0
0.6081520380095025,1.0
0.609152288072018,1.0
0.6101525381345337,1.0
0.6111527881970493,1.0
0.6121530382595649,1.0
0.6131532883220806,1.0
0.6141535383845962,1.0
0.6151537884471119,1.0
0.6161540385096275,1.0
0.617154288572143,1.0
0.6181545386346587,1.0
0.6191547886971743,1.0
0.62015503875969,1.0
0.6211552888222056,1.0
0.6221555388847212,1.0
0.6231557889472369,1.0
0.6241560390097525,1.0
0.6251562890722682,1.0
0.6261565391347838,1.0
0.6271567891972993,1.0
0.628157039259815,1.0
0.6291572893223306,1.0
0.6301575393848463,1.0
0.6311577894473619,1.0
0.6321580395098776,1.0
0.6331582895723932,1.0
0.6341585396349088,1.0
0.6351587896974245,1.0
0.63615903975994,1.0
0.6371592898224557,1.0
0.6381595398849713,1.0
0.6391597899474869,1.0
0.6401600400100026,1.0
0.6411602900725182,1.0
0.6421605401350339,1.0
0.6431607901975495,1.0
0.644161040260065,1.0
0.6451612903225807,1.0
0.6461615403850963,1.0
0.647161790447612,1.0
0.6481620405101276,1.0
0.6491622905726432,1.0
0.6501625406351589,1.0
0.6511627906976745,1.0
0.6521630407601902,1.0
0.6531632908227057,1.0
0.6541635408852213,1.0
0.655163790947737,1.0
0.6561640410102526,1.0
0.6571642910727683,1.0
0.6581645411352839,1.0
0.6591647911977995,1.0
0.6601650412603152,1.0
0.6611652913228308,1.0
0.6621655413853464,1.0
0.663165791447862,1.0
0.6641660415103776,1.0
0.6651662915728933,1.0
0.6661665416354089,1.0
0.6671667916979246,1.0
0.6681670417604402,1.0
0.6691672918229558,1.0
0.6701675418854715,1.0
0.671167791947987,1.0
0.6721680420105027,1.0
0.6731682920730183,1.0
0.6741685421355339,1.0
0.6751687921980496,1.0
0.6761690422605652,1.0
0.6771692923230809,1.0
0.6781695423855965,1.0
0.6791697924481122,1.0
0.6801700425106277,1.0
0.6811702925731433,1.0
0.682170542635659,1.0
0.6831707926981746,1.0
0.6841710427606903,1.0
0.6851712928232059,1.0
0.6861715428857215,1.0
0.6871717929482372,1.0
0.6881720430107527,1.0
0.6891722930732684,1.0
0.690172543135784,1.0
0.6911727931982996,1.0
0.6921730432608153,1.0
0.6931732933233309,1.0
0.6941735433858466,1.0
0.6951737934483622,1.0
0.6961740435108777,1.0
0.6971742935733934,1.0
0.698174543635909,1.0
0.6991747936984247,1.0
0.7001750437609403,1.0
0.7011752938234559,1.0
0.7021755438859716,1.0
0.7031757939484872,1.0
0.7041760440110029,1.0
0.7051762940735185,1.0
0.706176544136034,1.0
0.7071767941985497,1.0
0.7081770442610653,1.0
0.709177294323581,1.0
0.7101775443860966,1.0
0.7111777944486122,1.0
0.7121780445111279,1.0
0.7131782945736435,1.0
0.7141785446361592,1.0
0.7151787946986747,1.0
0.7161790447611903,1.0
0.717179294823706,1.0
0.7181795448862216,1.0
0.7191797949487373,1.0
0.7201800450112529,1.0
0.7211802950737685,1.0
0.7221805451362842,1.0
0.7231807951987997,1.0
0.7241810452613154,1.0
0.725181295323831,1.0
0.7261815453863467,1.0
0.7271817954488623,1.0
0.7281820455113779,1.0
0.7291822955738936,1.0
0.7301825456364092,1.0
0.7311827956989249,1.0
0.7321830457614404,1.0
0.733183295823956,1.0
0.7341835458864717,1.0
0.7351837959489873,1.0
0.736184046011503,1.0
0.7371842960740186,1.0
0.7381845461365342,1.0
0.7391847961990499,1.0
0.7401850462615654,1.0
0.7411852963240811,1.0
0.7421855463865967,1.0
0.7431857964491123,1.0
0.744186046511628,1.0
0.7451862965741436,1.0
0.7461865466366593,1.0
0.7471867966991749,1.0
0.7481870467616905,1.0
0.7491872968242062,1.0
0.7501875468867217,1.0
0.7511877969492374,1.0
0.752188047011753,1.0
0.7531882970742686,1.0
0.7541885471367843,1.0
0.7551887971992999,1.0
0.7561890472618156,1.0
0.7571892973243312,1.0
0.7581895473868467,1.0
0.7591897974493624,1.0
0.760190047511878,1.0
0.7611902975743937,1.0
0.7621905476369093,1.0
0.7631907976994249,1.0
0.7641910477619406,1.0
0.7651912978244562,1.0
0.7661915478869719,1.0
0.7671917979494874,1.0
0.768192048012003,1.0
0.7691922980745187,1.0
0.7701925481370343,1.0
0.77119279819955,1.0
0.7721930482620656,1.0
0.7731932983245813,1.0
0.7741935483870969,1.0
0.7751937984496124,1.0
0.7761940485121281,1.0
0.7771942985746437,1.0
0.7781945486371594,1.0
0.779194798699675,1.0
0.7801950487621906,1.0
0.7811952988247063,1.0
0.7821955488872219,1.0
0.7831957989497376,1.0
0.7841960490122531,1.0
0.7851962990747687,1.0
0.7861965491372844,1.0
0.7871967991998,1.0
0.7881970492623157,1.0
0.7891972993248313,1.0
0.7901975493873469,1.0
0.7911977994498626,1.0
0.7921980495123782,1.0
0.7931982995748939,1.0
0.7941985496374094,1.0
0.795198799699925,1.0
0.7961990497624407,1.0
0.7971992998249563,1.0
0.798199549887472,1.0
0.7991997999499876,1.0
0.8002000500125032,1.0
0.8012003000750189,1.0
0.8022005501375344,1.0
0.8032008002000501,1.0
0.8042010502625657,1.0
0.8052013003250813,1.0
0.806201550387597,1.0
0.8072018004501126,1.0
0.8082020505126283,1.0
0.8092023005751439,1.0
0.8102025506376594,1.0
0.8112028007001751,1.0
0.8122030507626907,1.0
0.8132033008252064,1.0
0.814203550887722,1.0
0.8152038009502377,1.0
0.8162040510127533,1.0
0.8172043010752689,1.0
0.8182045511377846,1.0
0.8192048012003001,1.0
0.8202050512628158,1.0
0.8212053013253314,1.0
0.822205551387847,1.0
0.8232058014503627,1.0
0.8242060515128783,1.0
0.825206301575394,1.0
0.8262065516379096,1.0
0.8272068017004252,1.0
0.8282070517629408,1.0
0.8292073018254564,1.0
0.8302075518879721,1.0
0.8312078019504877,1.0
0.8322080520130033,1.0
0.833208302075519,1.0
0.8342085521380346,1.0
0.8352088022005503,1.0
0.8362090522630659,1.0
0.8372093023255814,1.0
0.8382095523880971,1.0
0.8392098024506127,1.0
0.8402100525131284,1.0
0.841210302575644,1.0
0.8422105526381596,1.0
0.8432108027006753,1.0
0.8442110527631909,1.0
0.8452113028257066,1.0
0.8462115528882221,1.0
0.8472118029507377,1.0
0.8482120530132534,1.0
0.849212303075769,1.0
0.8502125531382847,1.0
0.8512128032008003,1.0
0.8522130532633159,1.0
0.8532133033258316,1.0
0.8542135533883471,1.0
0.8552138034508628,1.0
0.8562140535133784,1.0
0.857214303575894,1.0
0.8582145536384097,1.0
0.8592148037009253,1.0
0.860215053763441,1.0
0.8612153038259566,1.0
0.8622155538884723,1.0
0.8632158039509878,1.0
0.8642160540135034,1.0
0.8652163040760191,1.0
0.8662165541385347,1.0
0.8672168042010504,1.0
0.868217054263566,1.0
0.8692173043260816,1.0
0.8702175543885973,1.0
0.8712178044511129,1.0
0.8722180545136285,1.0
0.8732183045761441,1.0
0.8742185546386597,1.0
0.8752188047011754,0.0
0.876219054763691,0.0
0.8772193048262067,0.0
0.8782195548887223,0.0
0.8792198049512379,0.0
0.8802200550137536,0.0
0.8812203050762691,0.0
0.8822205551387848,0.0
0.8832208052013004,0.0
0.884221055263816,0.0
0.8852213053263317,0.0
0.8862215553888473,0.0
0.887221805451363,0.0
0.8882220555138786,0.0
0.8892223055763941,0.0
0.8902225556389098,0.0
0.8912228057014254,0.0
0.8922230557639411,0.0
0.8932233058264567,0.0
0.8942235558889723,0.0
0.895223805951488,0.0
0.8962240560140036,0.0
0.8972243060765193,0.0
0.8982245561390348,0.0
0.8992248062015504,0.0
0.9002250562640661,0.0
0.9012253063265817,0.0
0.9022255563890974,0.0
0.903225806451613,0.0
0.9042260565141286,0.0
0.9052263065766443,0.0
0.9062265566391599,0.0
0.9072268067016755,0.0
0.9082270567641911,0.0
0.9092273068267068,0.0
0.9102275568892224,0.0
0.911227806951738,0.0
0.9122280570142537,0.0
0.9132283070767693,0.0
0.914228557139285,0.0
0.9152288072018006,0.0
0.9162290572643161,0.0
0.9172293073268318,0.0
0.9182295573893474,0.0
0.9192298074518631,0.0
0.9202300575143787,0.0
0.9212303075768943,0.0
0.92223055763941,0.0
0.9232308077019256,0.0
0.9242310577644413,0.0
0.9252313078269568,0.0
0.9262315578894724,0.0
0.9272318079519881,0.0
0.9282320580145037,0.0
0.9292323080770194,0.0
0.930232558139535,0.0
0.9312328082020506,0.0
0.9322330582645663,0.0
0.9332333083270818,0.0
0.9342335583895975,0.0
0.9352338084521131,0.0
0.9362340585146287,0.0
0.9372343085771444,0.0
0.93823455863966,0.0
0.9392348087021757,0.0
0.9402350587646913,0.0
0.9412353088272069,0.0
0.9422355588897225,0.0
0.9432358089522381,0.0
0.9442360590147538,0.0
0.9452363090772694,0.0
0.946236559139785,0.0
0.9472368092023007,0.0
0.9482370592648163,0.0
0.949237309327332,0.0
0.9502375593898476,0.0
0.9512378094523631,0.0
0.9522380595148788,0.0
0.9532383095773944,0.0
0.9542385596399101,0.0
0.9552388097024257,0.0
0.9562390597649414,0.0
0.957239309827457,0.0
0.9582395598899726,0.0
0.9592398099524883,0.0
0.9602400600150038,0.0
0.9612403100775195,0.0
0.9622405601400351,0.0
0.9632408102025507,0.0
0.9642410602650664,0.0
0.965241310327582,0.0
0.9662415603900977,0.0
0.9672418104526133,0.0
0.9682420605151288,0.0
0.9692423105776445,0.0
0.9702425606401601,0.0
0.9712428107026758,0.0
0.9722430607651914,0.0
0.973243310827707,0.0
0.9742435608902227,0.0
0.9752438109527383,0.0
0.976244061015254,0.0
0.9772443110777695,0.0
0.9782445611402851,0.0
0.9792448112028008,0.0
0.9802450612653164,0.0
0.9812453113278321,0.0
0.9822455613903477,0.0
0.9832458114528633,0.0
0.984246061515379,0.0
0.9852463115778946,0.0
0.9862465616404102,0.0
0.9872468117029258,0.0
0.9882470617654414,0.0
0.9892473118279571,0.0
0.9902475618904727,0.0
0.9912478119529884,0.0
0.992248062015504,0.0
0.9932483120780196,0.0
0.9942485621405353,0.0
0.9952488122030508,0.0
0.9962490622655665,0.0
0.9972493123280821,0.0
0.9982495623905977,0.0
0.9992498124531134,0.0
1.000250062515629,1.0
1.0012503125781447,1.0
1.0022505626406604,1.0
1.0032508127031758,1.0
1.0042510627656915,1.0
1.0052513128282072,1.0
1.0062515628907227,1.0
1.0072518129532384,1.0
1.008252063015754,1.0
1.0092523130782696,1.0
1.0102525631407853,1.0
1.011252813203301,1.0
1.0122530632658167,1.0
1.0132533133283321,1.0
1.0142535633908478,1.0
1.0152538134533635,1.0
1.016254063515879,1.0
1.0172543135783947,1.0
1.0182545636409104,1.0
1.0192548137034259,1.0
1.0202550637659416,1.0
1.0212553138284572,1.0
1.022255563890973,1.0
1.0232558139534884,1.0
1.024256064016004,1.0
1.0252563140785198,1.0
1.0262565641410353,1.0
1.027256814203551,1.0
1.0282570642660667,1.0
1.0292573143285824,1.0
1.0302575643910978,1.0
1.0312578144536135,1.0
1.0322580645161292,1.0
1.0332583145786447,1.0
1.0342585646411604,1.0
1.035258814703676,1.0
1.0362590647661916,1.0
1.0372593148287073,1.0
1.038259564891223,1.0
1.0392598149537386,1.0
1.0402600650162541,1.0
1.0412603150787698,1.0
1.0422605651412855,1.0
1.043260815203801,1.0
1.0442610652663167,1.0
1.0452613153288324,1.0
1.0462615653913478,1.0
1.0472618154538635,1.0
1.0482620655163792,1.0
1.049262315578895,1.0
1.0502625656414104,1.0
1.051262815703926,1.0
1.0522630657664418,1.0
1.0532633158289573,1.0
1.054263565891473,1.0
1.0552638159539887,1.0
1.0562640660165041,1.0
1.0572643160790198,1.0
1.0582645661415355,1.0
1.0592648162040512,1.0
1.0602650662665667,1.0
1.0612653163290824,1.0
1.062265566391598,1.0
1.0632658164541136,1.0
1.0642660665166292,1.0
1.065266316579145,1.0
1.0662665666416604,1.0
1.0672668167041761,1.0
1.0682670667666918,1.0
1.0692673168292075,1.0
1.070267566891723,1.0
1.0712678169542387,1.0
1.0722680670167544,1.0
1.0732683170792698,1.0
1.0742685671417855,1.0
1.0752688172043012,1.0
1.076269067266817,1.0
1.0772693173293324,1.0
1.078269567391848,1.0
1.0792698174543638,1.0
1.0802700675168793,1.0
1.081270317579395,1.0
1.0822705676419107,1.0
1.0832708177044261,1.0
1.0842710677669418,1.0
1.0852713178294575,1.0
1.0862715678919732,1.0
1.0872718179544887,1.0
1.0882720680170044,1.0
1.08927231807952,1.0
1.0902725681420355,1.0
1.0912728182045512,1.0
1.092273068267067,1.0
1.0932733183295824,1.0
1.094273568392098,1.0
1.0952738184546138,1.0
1.0962740685171295,1.0
1.097274318579645,1.0
1.0982745686421607,1.0
1.0992748187046764,1.0
1.1002750687671918,1.0
1.1012753188297075,1.0
1.1022755688922232,1.0
1.1032758189547387,1.0
1.1042760690172544,1.0
1.10527631907977,1.0
1.1062765691422858,1.0
1.1072768192048013,1.0
1.108277069267317,1.0
1.1092773193298326,1.0
1.1102775693923481,1.0
1.1112778194548638,1.0
1.1122780695173795,1.0
1.113278319579895,1.0
1.1142785696424107,1.0
1.1152788197049264,1.0
1.116279069767442,1.0
1.1172793198299575,1.0
1.1182795698924732,1.0
1.119279819954989,1.0
1.1202800700175044,1.0
1.12128032008002,1.0
1.1222805701425358,1.0
1.1232808202050515,1.0
1.124281070267567,1.0
1.1252813203300827,1.0
1.1262815703925984,1.0
1.1272818204551138,1.0
1.1282820705176295,1.0
1.1292823205801452,1.0
1.1302825706426607,1.0
1.1312828207051764,1.0
1.132283070767692,1.0
1.1332833208302078,1.0
1.1342835708927232,1.0
1.135283820955239,1.0
1.1362840710177546,1.0
1.13728432108027,1.0
1.1382845711427858,1.0
1.1392848212053015,1.0
1.140285071267817,1.0
1.1412853213303327,1.0
1.1422855713928484,1.0
1.143285821455364,1.0
1.1442860715178795,1.0
1.1452863215803952,1.0
1.146286571642911,1.0
1.1472868217054264,1.0
1.148287071767942,1.0
1.1492873218304578,1.0
1.1502875718929733,1.0
1.151287821955489,1.0
1.1522880720180046,1.0
1.1532883220805203,1.0
1.1542885721430358,1.0
1.1552888222055515,1.0
1.1562890722680672,1.0
1.1572893223305827,1.0
1.1582895723930984,1.0
1.159289822455614,1.0
1.1602900725181295,1.0
1.1612903225806452,1.0
1.162290572643161,1.0
1.1632908227056766,1.0
1.164291072768192,1.0
1.1652913228307078,1.0
1.1662915728932235,1.0
1.167291822955739,1.0
1.1682920730182547,1.0
1.1692923230807704,1.0
1.170292573143286,1.0
1.1712928232058015,1.0
1.1722930732683172,1.0
1.173293323330833,1.0
1.1742935733933484,1.0
1.175293823455864,1.0
1.1762940735183798,1.0
1.1772943235808953,1.0
1.178294573643411,1.0
1.1792948237059266,1.0
1.1802950737684423,1.0
1.1812953238309578,1.0
1.1822955738934735,1.0
1.1832958239559892,1.0
1.1842960740185047,1.0
1.1852963240810204,1.0
1.186296574143536,1.0
1.1872968242060515,1.0
1.1882970742685672,1.0
1.189297324331083,1.0
1.1902975743935986,1.0
1.191297824456114,1.0
1.1922980745186298,1.0
1.1932983245811455,1.0
1.194298574643661,1.0
1.1952988247061767,1.0
1.1962990747686923,1.0
1.1972993248312078,1.0
1.1982995748937235,1.0
1.1992998249562392,1.0
1.200300075018755,1.0
1.2013003250812704,1.0
1.202300575143786,1.0
1.2033008252063018,1.0
1.2043010752688172,1.0
1.205301325331333,1.0
1.2063015753938486,1.0
1.207301825456364,1.0
1.2083020755188798,1.0
1.2093023255813955,1.0
1.2103025756439112,1.0
1.2113028257064267,1.0
1.2123030757689424,1.0
1.213303325831458,1.0
1.2143035758939735,1.0
1.2153038259564892,1.0
1.216304076019005,1.0
1.2173043260815206,1.0
1.218304576144036,1.0
1.2193048262065518,1.0
1.2203050762690675,1.0
1.221305326331583,1.0
1.2223055763940986,1.0
1.2233058264566143,1.0
1.2243060765191298,1.0
1.2253063265816455,1.0
1.2263065766441612,1.0
1.227306826706677,1.0
1.2283070767691924,1.0
1.229307326831708,1.0
1.2303075768942238,1.0
1.2313078269567392,1.0
1.232308077019255,1.0
1.2333083270817706,1.0
1.234308577144286,1.0
1.2353088272068018,1.0
1.2363090772693175,1.0
1.2373093273318332,1.0
1.2383095773943487,1.0
1.2393098274568644,1.0
1.24031007751938,1.0
1.2413103275818955,1.0
1.2423105776444112,1.0
1.243310827706927,1.0
1.2443110777694424,1.0
1.245311327831958,1.0
1.2463115778944738,1.0
1.2473118279569895,1.0
1.248312078019505,1.0
1.2493123280820206,1.0
1.2503125781445363,1.0
1.2513128282070518,1.0
1.2523130782695675,1.0
1.2533133283320832,1.0
1.2543135783945987,1.0
1.2553138284571144,1.0
1.25631407851963,1.0
1.2573143285821458,1.0
1.2583145786446612,1.0
1.259314828707177,1.0
1.2603150787696926,1.0
1.261315328832208,1.0
1.2623155788947238,1.0
1.2633158289572395,1.0
1.2643160790197552,1.0
1.2653163290822707,1.0
1.2663165791447863,1.0
1.267316829207302,1.0
1.2683170792698175,1.0
1.2693173293323332,1.0
1.270317579394849,1.0
1.2713178294573644,1.0
1.27231807951988,1.0
1.2733183295823958,1.0
1.2743185796449115,1.0
1.275318829707427,1.0
1.2763190797699426,1.0
1.2773193298324583,1.0
1.2783195798949738,1.0
1.2793198299574895,1.0
1.2803200800200052,1.0
1.2813203300825207,1.0
1.2823205801450364,1.0
1.283320830207552,1.0
1.2843210802700677,1.0
1.2853213303325832,1.0
1.286321580395099,1.0
1.2873218304576146,1.0
1.28832208052013,1.0
1.2893223305826458,1.0
1.2903225806451615,1.0
1.291322830707677,1.0
1.2923230807701926,1.0
1.2933233308327083,1.0
1.294323580895224,1.0
1.2953238309577395,1.0
1.2963240810202552,1.0
1.297324331082771,1.0
1.2983245811452864,1.0
1.299324831207802,1.0
1.3003250812703178,1.0
1.3013253313328332,1.0
1.302325581395349,1.0
1.3033258314578646,1.0
1.3043260815203803,1.0
1.3053263315828958,1.0
1.3063265816454115,1.0
1.3073268317079272,1.0
1.3083270817704427,1.0
1.3093273318329584,1.0
1.310327581895474,1.0
1.3113278319579897,1.0
1.3123280820205052,1.0
1.313328332083021,1.0
1.3143285821455366,1.0
1.315328832208052,1.0
1.3163290822705678,1.0
1.3173293323330835,1.0
1.318329582395599,1.0
1.3193298324581146,1.0
1.3203300825206303,1.0
1.321330332583146,1.0
1.3223305826456615,1.0
1.3233308327081772,1.0
1.324331082770693,1.0
1.3253313328332084,1.0
1.326331582895724,1.0
1.3273318329582398,1.0
1.3283320830207552,1.0
1.329332333083271,1.0
1.3303325831457866,1.0
1.3313328332083023,1.0
1.3323330832708178,1.0
1.3333333333333335,1.0
1.3343335833958492,1.0
1.3353338334583646,1.0
1.3363340835208803,1.0
1.337334333583396,1.0
1.3383345836459115,1.0
1.3393348337084272,1.0
1.340335083770943,1.0
1.3413353338334586,1.0
1.342335583895974,1.0
1.3433358339584898,1.0
1.3443360840210055,1.0
1.345336334083521,1.0
1.3463365841460366,1.0
1.3473368342085523,1.0
1.3483370842710678,1.0
1.3493373343335835,1.0
1.3503375843960992,1.0
1.3513378344586149,1.0
1.3523380845211304,1.0
1.353338334583646,1.0
1.3543385846461617,1.0
1.3553388347086772,1.0
1.356339084771193,1.0
1.3573393348337086,1.0
1.3583395848962243,1.0
1.3593398349587398,1.0
1.3603400850212555,1.0
1.3613403350837712,1.0
1.3623405851462866,1.0
1.3633408352088023,1.0
1.364341085271318,1.0
1.3653413353338335,1.0
1.3663415853963492,1.0
1.367341835458865,1.0
1.3683420855213806,1.0
1.369342335583896,1.0
1.3703425856464118,1.0
1.3713428357089275,1.0
1.372343085771443,1.0
1.3733433358339586,1.0
1.3743435858964743,1.0
1.3753438359589898,0.0
1.3763440860215055,0.0
1.3773443360840212,0.0
1.3783445861465369,0.0
1.3793448362090523,0.0
1.380345086271568,0.0
1.3813453363340837,0.0
1.3823455863965992,0.0
1.383345836459115,0.0
1.3843460865216306,0.0
1.385346336584146,0.0
1.3863465866466618,0.0
1.3873468367091775,0.0
1.3883470867716932,0.0
1.3893473368342086,0.0
1.3903475868967243,0.0
1.39134783695924,0.0
1.3923480870217555,0.0
1.3933483370842712,0.0
1.3943485871467869,0.0
1.3953488372093024,0.0
1.396349087271818,0.0
1.3973493373343338,0.0
1.3983495873968494,0.0
1.399349837459365,0.0
1.4003500875218806,0.0
1.4013503375843963,0.0
1.4023505876469118,0.0
1.4033508377094275,0.0
1.4043510877719432,0.0
1.4053513378344589,0.0
1.4063515878969743,0.0
1.40735183795949,0.0
1.4083520880220057,0.0
1.4093523380845212,0.0
1.410352588147037,0.0
1.4113528382095526,0.0
1.412353088272068,0.0
1.4133533383345838,0.0
1.4143535883970995,0.0
1.4153538384596152,0.0
1.4163540885221306,0.0
1.4173543385846463,0.0
1.418354588647162,0.0
1.4193548387096775,0.0
1.4203550887721932,0.0
1.4213553388347089,0.0
1.4223555888972244,0.0
1.42335583895974,0.0
1.4243560890222557,0.0
1.4253563390847714,0.0
1.426356589147287,0.0
1.4273568392098026,0.0
1.4283570892723183,0.0
1.4293573393348338,0.0
1.4303575893973495,0.0
1.4313578394598652,0.0
1.4323580895223806,0.0
1.4333583395848963,0.0
1.434358589647412,0.0
1.4353588397099277,0.0
1.4363590897724432,0.0
1.437359339834959,0.0
1.4383595898974746,0.0
1.43935983995999,0.0
1.4403600900225058,0.0
1.4413603400850215,0.0
1.442360590147537,0.0
1.4433608402100526,0.0
1.4443610902725683,0.0
1.445361340335084,0.0
1.4463615903975995,0.0
1.4473618404601152,0.0
1.4483620905226309,0.0
1.4493623405851463,0.0
1.450362590647662,0.0
1.4513628407101777,0.0
1.4523630907726934,0.0
1.453363340835209,0.0
1.4543635908977246,0.0
1.4553638409602403,0.0
1.4563640910227558,0.0
1.4573643410852715,0.0
1.4583645911477872,0.0
1.4593648412103026,0.0
1.4603650912728183,0.0
1.461365341335334,0.0
1.4623655913978497,0.0
1.4633658414603652,0.0
1.4643660915228809,0.0
1.4653663415853966,0.0
1.466366591647912,0.0
1.4673668417104277,0.0
1.4683670917729434,0.0
1.469367341835459,0.0
1.4703675918979746,0.0
1.4713678419604903,0.0
1.472368092023006,0.0
1.4733683420855215,0.0
1.4743685921480372,0.0
1.4753688422105529,0.0
1.4763690922730683,0.0
1.477369342335584,0.0
1.4783695923980997,0.0
1.4793698424606152,0.0
1.480370092523131,0.0
1.4813703425856466,0.0
1.4823705926481623,0.0
1.4833708427106778,0.0
1.4843710927731935,0.0
1.4853713428357092,0.0
1.4863715928982246,0.0
1.4873718429607403,0.0
1.488372093023256,0.0
1.4893723430857715,0.0
1.4903725931482872,0.0
1.4913728432108029,0.0
1.4923730932733186,0.0
1.493373343335834,0.0
1.4943735933983497,0.0
1.4953738434608654,0.0
1.496374093523381,0.0
1.4973743435858966,0.0
1.4983745936484123,0.0
1.499374843710928,0.0
1.5003750937734435,1.0
1.5013753438359592,1.0
1.5023755938984749,1.0
1.5033758439609903,1.0
1.504376094023506,1.0
1.5053763440860217,1.0
1.5063765941485372,1.0
1.507376844211053,1.0
1.5083770942735686,1.0
1.5093773443360843,1.0
1.5103775943985998,1.0
1.5113778444611154,1.0
1.5123780945236311,1.0
1.5133783445861466,1.0
1.5143785946486623,1.0
1.515378844711178,1.0
1.5163790947736935,1.0
1.5173793448362092,1.0
1.5183795948987249,1.0
1.5193798449612406,1.0
1.520380095023756,1.0
1.5213803450862717,1.0
1.5223805951487874,1.0
1.523380845211303,1.0
1.5243810952738186,1.0
1.5253813453363343,1.0
1.5263815953988498,1.0
1.5273818454613655,1.0
1.5283820955238812,1.0
1.5293823455863969,1.0
1.5303825956489123,1.0
1.531382845711428,1.0
1.5323830957739437,1.0
1.5333833458364592,1.0
1.5343835958989749,1.0
1.5353838459614906,1.0
1.536384096024006,1.0
1.5373843460865217,1.0
1.5383845961490374,1.0
1.5393848462115531,1.0
1.5403850962740686,1.0
1.5413853463365843,1.0
1.5423855963991,1.0
1.5433858464616155,1.0
1.5443860965241312,1.0
1.5453863465866469,1.0
1.5463865966491626,1.0
1.547386846711678,1.0
1.5483870967741937,1.0
1.5493873468367094,1.0
1.550387596899225,1.0
1.5513878469617406,1.0
1.5523880970242563,1.0
1.5533883470867718,1.0
1.5543885971492875,1.0
1.5553888472118031,1.0
1.5563890972743188,1.0
1.5573893473368343,1.0
1.55838959739935,1.0
1.5593898474618657,1.0
1.5603900975243812,1.0
1.5613903475868969,1.0
1.5623905976494126,1.0
1.563390847711928,1.0
1.5643910977744437,1.0
1.5653913478369594,1.0
1.5663915978994751,1.0
1.5673918479619906,1.0
1.5683920980245063,1.0
1.569392348087022,1.0
1.5703925981495375,1.0
1.5713928482120532,1.0
1.5723930982745689,1.0
1.5733933483370843,1.0
1.5743935983996,1.0
1.5753938484621157,1.0
1.5763940985246314,1.0
1.5773943485871469,1.0
1.5783945986496626,1.0
1.5793948487121783,1.0
1.5803950987746938,1.0
1.5813953488372094,1.0
1.5823955988997251,1.0
1.5833958489622408,1.0
1.5843960990247563,1.0
1.585396349087272,1.0
1.5863965991497877,1.0
1.5873968492123032,1.0
1.5883970992748189,1.0
1.5893973493373346,1.0
1.59039759939985,1.0
1.5913978494623657,1.0
1.5923980995248814,1.0
1.5933983495873971,1.0
1.5943985996499126,1.0
1.5953988497124283,1.0
1.596399099774944,1.0
1.5973993498374595,1.0
1.5983995998999752,1.0
1.5993998499624908,1.0
1.6004001000250063,1.0
1.601400350087522,1.0
1.6024006001500377,1.0
1.6034008502125534,1.0
1.6044011002750689,1.0
1.6054013503375846,1.0
1.6064016004001003,1.0
1.6074018504626157,1.0
1.6084021005251314,1.0
1.6094023505876471,1.0
1.6104026006501626,1.0
1.6114028507126783,1.0
1.612403100775194,1.0
1.6134033508377097,1.0
1.6144036009002252,1.0
1.6154038509627409,1.0
1.6164041010252566,1.0
1.617404351087772,1.0
1.6184046011502877,1.0
1.6194048512128034,1.0
1.620405101275319,1.0
1.6214053513378346,1.0
1.6224056014003503,1.0
1.623405851462866,1.0
1.6244061015253815,1.0
1.6254063515878971,1.0
1.6264066016504128,1.0
1.6274068517129283,1.0
1.628407101775444,1.0
1.6294073518379597,1.0
1.6304076019004754,1.0
1.6314078519629909,1.0
1.6324081020255066,1.0
1.6334083520880223,1.0
1.6344086021505377,1.0
1.6354088522130534,1.0
1.6364091022755691,1.0
1.6374093523380846,1.0
1.6384096024006003,1.0
1.639409852463116,1.0
1.6404101025256317,1.0
1.6414103525881472,1.0
1.6424106026506629,1.0
1.6434108527131785,1.0
1.644411102775694,1.0
1.6454113528382097,1.0
1.6464116029007254,1.0
1.6474118529632409,1.0
1.6484121030257566,1.0
1.6494123530882723,1.0
1.650412603150788,1.0
1.6514128532133034,1.0
1.6524131032758191,1.0
1.6534133533383348,1.0
1.6544136034008503,1.0
1.655413853463366,1.0
1.6564141035258817,1.0
1.6574143535883972,1.0
1.6584146036509129,1.0
1.6594148537134286,1.0
1.6604151037759443,1.0
1.6614153538384597,1.0
1.6624156039009754,1.0
1.6634158539634911,1.0
1.6644161040260066,1.0
1.6654163540885223,1.0
1.666416604151038,1.0
1.6674168542135535,1.0
1.6684171042760692,1.0
1.6694173543385848,1.0
1.6704176044011005,1.0
1.671417854463616,1.0
1.6724181045261317,1.0
1.6734183545886474,1.0
1.6744186046511629,1.0
1.6754188547136786,1.0
1.6764191047761943,1.0
1.67741935483871,1.0
1.6784196049012254,1.0
1.6794198549637411,1.0
1.6804201050262568,1.0
1.6814203550887723,1.0
1.682420605151288,1.0
1.6834208552138037,1.0
1.6844211052763192,1.0
1.6854213553388349,1.0
1.6864216054013506,1.0
1.6874218554638662,1.0
1.6884221055263817,1.0
1.6894223555888974,1.0
1.6904226056514131,1.0
1.6914228557139286,1.0
1.6924231057764443,1.0
1.69342335583896,1.0
1.6944236059014754,1.0
1.6954238559639911,1.0
1.6964241060265068,1.0
1.6974243560890225,1.0
1.698424606151538,1.0
1.6994248562140537,1.0
1.7004251062765694,1.0
1.7014253563390849,1.0
1.7024256064016006,1.0
1.7034258564641163,1.0
1.7044261065266317,1.0
1.7054263565891474,1.0
1.7064266066516631,1.0
1.7074268567141788,1.0
1.7084271067766943,1.0
1.70942735683921,1.0
1.7104276069017257,1.0
1.7114278569642412,1.0
1.7124281070267569,1.0
1.7134283570892725,1.0
1.714428607151788,1.0
1.7154288572143037,1.0
1.7164291072768194,1.0
1.717429357339335,1.0
1.7184296074018506,1.0
1.7194298574643663,1.0
1.720430107526882,1.0
1.7214303575893974,1.0
1.7224306076519131,1.0
1.7234308577144288,1.0
1.7244311077769445,1.0
1.72543135783946,1.0
1.7264316079019757,1.0
1.7274318579644914,1.0
1.7284321080270069,1.0
1.7294323580895226,1.0
1.7304326081520383,1.0
1.7314328582145537,1.0
1.7324331082770694,1.0
1.7334333583395851,1.0
1.7344336084021008,1.0
1.7354338584646163,1.0
1.736434108527132,1.0
1.7374343585896477,1.0
1.7384346086521631,1.0
1.7394348587146788,1.0
1.7404351087771945,1.0
1.74143535883971,1.0
1.7424356089022257,1.0
1.7434358589647414,1.0
1.744436109027257,1.0
1.7454363590897726,1.0
1.7464366091522883,1.0
1.747436859214804,1.0
1.7484371092773194,1.0
1.7494373593398351,1.0
1.7504376094023508,1.0
1.7514378594648663,1.0
1.752438109527382,1.0
1.7534383595898977,1.0
1.7544386096524134,1.0
1.7554388597149289,1.0
1.7564391097774446,1.0
1.7574393598399602,1.0
1.7584396099024757,1.0
1.7594398599649914,1.0
1.760440110027507,1.0
1.7614403600900226,1.0
1.7624406101525383,1.0
1.763440860215054,1.0
1.7644411102775697,1.0
1.7654413603400851,1.0
1.7664416104026008,1.0
1.7674418604651165,1.0
1.768442110527632,1.0
1.7694423605901477,1.0
1.7704426106526634,1.0
1.771442860715179,1.0
1.7724431107776946,1.0
1.7734433608402103,1.0
1.774443610902726,1.0
1.7754438609652414,1.0
1.7764441110277571,1.0
1.7774443610902728,1.0
1.7784446111527883,1.0
1.779444861215304,1.0
1.7804451112778197,1.0
1.7814453613403354,1.0
1.7824456114028508,1.0
1.7834458614653665,1.0
1.7844461115278822,1.0
1.7854463615903977,1.0
1.7864466116529134,1.0
1.787446861715429,1.0
1.7884471117779446,1.0
1.7894473618404603,1.0
1.790447611902976,1.0
1.7914478619654917,1.0
1.7924481120280071,1.0
1.7934483620905228,1.0
1.7944486121530385,1.0
1.795448862215554,1.0
1.7964491122780697,1.0
1.7974493623405854,1.0
1.7984496124031009,1.0
1.7994498624656166,1.0
1.8004501125281323,1.0
1.801450362590648,1.0
1.8024506126531634,1.0
1.8034508627156791,1.0
1.8044511127781948,1.0
1.8054513628407103,1.0
1.806451612903226,1.0
1.8074518629657417,1.0
1.8084521130282571,1.0
1.8094523630907728,1.0
1.8104526131532885,1.0
1.8114528632158042,1.0
1.8124531132783197,1.0
1.8134533633408354,1.0
1.814453613403351,1.0
1.8154538634658666,1.0
1.8164541135283823,1.0
1.817454363590898,1.0
1.8184546136534137,1.0
1.8194548637159291,1.0
1.8204551137784448,1.0
1.8214553638409605,1.0
1.822455613903476,1.0
1.8234558639659917,1.0
1.8244561140285074,1.0
1.8254563640910229,1.0
1.8264566141535385,1.0
1.8274568642160542,1.0
1.82845711427857,1.0
1.8294573643410854,1.0
1.830457614403601,1.0
1.8314578644661168,1.0
1.8324581145286323,1.0
1.833458364591148,1.0
1.8344586146536637,1.0
1.8354588647161791,1.0
1.8364591147786948,1.0
1.8374593648412105,1.0
1.8384596149037262,1.0
1.8394598649662417,1.0
1.8404601150287574,1.0
1.841460365091273,1.0
1.8424606151537886,1.0
1.8434608652163043,1.0
1.84446111527882,1.0
1.8454613653413354,1.0
1.8464616154038511,1.0
1.8474618654663668,1.0
1.8484621155288825,1.0
1.849462365591398,1.0
1.8504626156539137,1.0
1.8514628657164294,1.0
1.8524631157789448,1.0
1.8534633658414605,1.0
1.8544636159039762,1.0
1.8554638659664917,1.0
1.8564641160290074,1.0
1.857464366091523,1.0
1.8584646161540388,1.0
1.8594648662165543,1.0
1.86046511627907,1.0
1.8614653663415857,1.0
1.8624656164041011,1.0
1.8634658664666168,1.0
1.8644661165291325,1.0
1.8654663665916482,1.0
1.8664666166541637,1.0
1.8674668667166794,1.0
1.868467116779195,1.0
1.8694673668417106,1.0
1.8704676169042262,1.0
1.871467866966742,1.0
1.8724681170292574,1.0
1.8734683670917731,1.0
1.8744686171542888,1.0
1.8754688672168045,0.0
1.87646911727932,0.0
1.8774693673418357,0.0
1.8784696174043514,0.0
1.8794698674668668,0.0
1.8804701175293825,0.0
1.8814703675918982,0.0
1.8824706176544137,0.0
1.8834708677169294,0.0
1.884471117779445,0.0
1.8854713678419608,0.0
1.8864716179044763,0.0
1.887471867966992,0.0
1.8884721180295077,0.0
1.8894723680920231,0.0
1.8904726181545388,0.0
1.8914728682170545,0.0
1.89247311827957,0.0
1.8934733683420857,0.0
1.8944736184046014,0.0
1.895473868467117,0.0
1.8964741185296325,0.0
1.8974743685921482,0.0
1.898474618654664,0.0
1.8994748687171794,0.0
1.900475118779695,0.0
1.9014753688422108,0.0
1.9024756189047263,0.0
1.903475868967242,0.0
1.9044761190297577,0.0
1.9054763690922734,0.0
1.9064766191547888,0.0
1.9074768692173045,0.0
1.9084771192798202,0.0
1.9094773693423357,0.0
1.9104776194048514,0.0
1.911477869467367,0.0
1.9124781195298828,0.0
1.9134783695923983,0.0
1.914478619654914,0.0
1.9154788697174296,0.0
1.9164791197799451,0.0
1.9174793698424608,0.0
1.9184796199049765,0.0
1.919479869967492,0.0
1.9204801200300077,0.0
1.9214803700925234,0.0
1.922480620155039,0.0
1.9234808702175545,0.0
1.9244811202800702,0.0
1.925481370342586,0.0
1.9264816204051014,0.0
1.927481870467617,0.0
1.9284821205301328,0.0
1.9294823705926483,0.0
1.930482620655164,0.0
1.9314828707176797,0.0
1.9324831207801954,0.0
1.9334833708427108,0.0
1.9344836209052265,0.0
1.9354838709677422,0.0
1.9364841210302577,0.0
1.9374843710927734,0.0
1.938484621155289,0.0
1.9394848712178046,0.0
1.9404851212803202,0.0
1.941485371342836,0.0
1.9424856214053516,0.0
1.943485871467867,0.0
1.9444861215303828,0.0
1.9454863715928985,0.0
1.946486621655414,0.0
1.9474868717179297,0.0
1.9484871217804454,0.0
1.9494873718429608,0.0
1.9504876219054765,0.0
1.9514878719679922,0.0
1.952488122030508,0.0
1.9534883720930234,0.0
1.954488622155539,0.0
1.9554888722180548,0.0
1.9564891222805703,0.0
1.957489372343086,0.0
1.9584896224056016,0.0
1.9594898724681173,0.0
1.9604901225306328,0.0
1.9614903725931485,0.0
1.9624906226556642,0.0
1.9634908727181797,0.0
1.9644911227806954,0.0
1.965491372843211,0.0
1.9664916229057265,0.0
1.9674918729682422,0.0
1.968492123030758,0.0
1.9694923730932736,0.0
1.970492623155789,0.0
1.9714928732183048,0.0
1.9724931232808205,0.0
1.973493373343336,0.0
1.9744936234058517,0.0
1.9754938734683674,0.0
1.9764941235308828,0.0
1.9774943735933985,0.0
1.9784946236559142,0.0
1.97949487371843,0.0
1.9804951237809454,0.0
1.981495373843461,0.0
1.9824956239059768,0.0
1.9834958739684923,0.0
1.984496124031008,0.0
1.9854963740935236,0.0
1.9864966241560391,0.0
1.9874968742185548,0.0
1.9884971242810705,0.0
1.9894973743435862,0.0
1.9904976244061017,0.0
1.9914978744686174,0.0
1.992498124531133,0.0
1.9934983745936485,0.0
1.9944986246561642,0.0
1.99549887471868,0.0
1.9964991247811954,0.0
1.997499374843711,0.0
1.9984996249062268,0.0
1.9994998749687425,0.0
2.000500125031258,1.0
2.0015003750937734,1.0
2.0025006251562893,1.0
2.003500875218805,1.0
2.0045011252813207,1.0
2.005501375343836,1.0
2.0065016254063517,1.0
2.0075018754688676,1.0
2.008502125531383,1.0
2.0095023755938985,1.0
2.0105026256564145,1.0
2.01150287571893,1.0
2.0125031257814454,1.0
2.0135033758439613,1.0
2.014503625906477,1.0
2.0155038759689923,1.0
2.016504126031508,1.0
2.0175043760940237,1.0
2.018504626156539,1.0
2.019504876219055,1.0
2.0205051262815705,1.0
2.0215053763440864,1.0
2.022505626406602,1.0
2.0235058764691174,1.0
2.0245061265316333,1.0
2.025506376594149,1.0
2.0265066266566643,1.0
2.02750687671918,1.0
2.0285071267816956,1.0
2.029507376844211,1.0
2.030507626906727,1.0
2.0315078769692425,1.0
2.032508127031758,1.0
2.033508377094274,1.0
2.0345086271567894,1.0
2.035508877219305,1.0
2.0365091272818208,1.0
2.0375093773443362,1.0
2.0385096274068517,1.0
2.0395098774693676,1.0
2.040510127531883,1.0
2.041510377594399,1.0
2.0425106276569145,1.0
2.04351087771943,1.0
2.044511127781946,1.0
2.0455113778444614,1.0
2.046511627906977,1.0
2.0475118779694927,1.0
2.048512128032008,1.0
2.0495123780945237,1.0
2.0505126281570396,1.0
2.051512878219555,1.0
2.0525131282820706,1.0
2.0535133783445865,1.0
2.054513628407102,1.0
2.0555138784696174,1.0
2.0565141285321333,1.0
2.057514378594649,1.0
2.0585146286571647,1.0
2.05951487871968,1.0
2.0605151287821957,1.0
2.0615153788447116,1.0
2.062515628907227,1.0
2.0635158789697425,1.0
2.0645161290322585,1.0
2.065516379094774,1.0
2.0665166291572894,1.0
2.0675168792198053,1.0
2.068517129282321,1.0
2.0695173793448363,1.0
2.070517629407352,1.0
2.0715178794698677,1.0
2.072518129532383,1.0
2.073518379594899,1.0
2.0745186296574145,1.0
2.07551887971993,1.0
2.076519129782446,1.0
2.0775193798449614,1.0
2.0785196299074773,1.0
2.0795198799699928,1.0
2.0805201300325082,1.0
2.081520380095024,1.0
2.0825206301575396,1.0
2.083520880220055,1.0
2.084521130282571,1.0
2.0855213803450865,1.0
2.086521630407602,1.0
2.087521880470118,1.0
2.0885221305326334,1.0
2.089522380595149,1.0
2.0905226306576647,1.0
2.09152288072018,1.0
2.0925231307826957,1.0
2.0935233808452116,1.0
2.094523630907727,1.0
2.095523880970243,1.0
2.0965241310327585,1.0
2.097524381095274,1.0
2.09852463115779,1.0
2.0995248812203053,1.0
2.100525131282821,1.0
2.1015253813453367,1.0
2.102525631407852,1.0
2.1035258814703677,1.0
2.1045261315328836,1.0
2.105526381595399,1.0
2.1065266316579145,1.0
2.1075268817204305,1.0
2.108527131782946,1.0
2.1095273818454614,1.0
2.1105276319079773,1.0
2.111527881970493,1.0
2.1125281320330083,1.0
2.113528382095524,1.0
2.1145286321580397,1.0
2.1155288822205556,1.0
2.116529132283071,1.0
2.1175293823455865,1.0
2.1185296324081024,1.0
2.119529882470618,1.0
2.1205301325331334,1.0
2.1215303825956493,1.0
2.1225306326581648,1.0
2.1235308827206802,1.0
2.124531132783196,1.0
2.1255313828457116,1.0
2.126531632908227,1.0
2.127531882970743,1.0
2.1285321330332585,1.0
2.129532383095774,1.0
2.13053263315829,1.0
2.1315328832208054,1.0
2.132533133283321,1.0
2.1335333833458368,1.0
2.1345336334083522,1.0
2.135533883470868,1.0
2.1365341335333836,1.0
2.137534383595899,1.0
2.138534633658415,1.0
2.1395348837209305,1.0
2.140535133783446,1.0
2.141535383845962,1.0
2.1425356339084773,1.0
2.143535883970993,1.0
2.1445361340335087,1.0
2.145536384096024,1.0
2.1465366341585397,1.0
2.1475368842210556,1.0
2.148537134283571,1.0
2.1495373843460865,1.0
2.1505376344086025,1.0
2.151537884471118,1.0
2.152538134533634,1.0
2.1535383845961493,1.0
2.154538634658665,1.0
2.1555388847211807,1.0
2.156539134783696,1.0
2.1575393848462117,1.0
2.1585396349087276,1.0
2.159539884971243,1.0
2.1605401350337585,1.0
2.1615403850962744,1.0
2.16254063515879,1.0
2.1635408852213054,1.0
2.1645411352838213,1.0
2.1655413853463368,1.0
2.1665416354088523,1.0
2.167541885471368,1.0
2.1685421355338836,1.0
2.169542385596399,1.0
2.170542635658915,1.0
2.1715428857214305,1.0
2.1725431357839464,1.0
2.173543385846462,1.0
2.1745436359089774,1.0
2.1755438859714933,1.0
2.1765441360340088,1.0
2.1775443860965242,1.0
2.17854463615904,1.0
2.1795448862215556,1.0
2.180545136284071,1.0
2.181545386346587,1.0
2.1825456364091025,1.0
2.183545886471618,1.0
2.184546136534134,1.0
2.1855463865966493,1.0
2.186546636659165,1.0
2.1875468867216807,1.0
2.188547136784196,1.0
2.189547386846712,1.0
2.1905476369092276,1.0
2.191547886971743,1.0
2.192548137034259,1.0
2.1935483870967745,1.0
2.19454863715929,1.0
2.195548887221806,1.0
2.1965491372843213,1.0
2.197549387346837,1.0
2.1985496374093527,1.0
2.199549887471868,1.0
2.2005501375343837,1.0
2.2015503875968996,1.0
2.202550637659415,1.0
2.2035508877219305,1.0
2.2045511377844464,1.0
2.205551387846962,1.0
2.2065516379094774,1.0
2.2075518879719933,1.0
2.208552138034509,1.0
2.2095523880970247,1.0
2.21055263815954,1.0
2.2115528882220556,1.0
2.2125531382845716,1.0
2.213553388347087,1.0
2.2145536384096025,1.0
2.2155538884721184,1.0
2.216554138534634,1.0
2.2175543885971494,1.0
2.2185546386596653,1.0
2.2195548887221808,1.0
2.2205551387846962,1.0
2.221555388847212,1.0
2.2225556389097276,1.0
2.223555888972243,1.0
2.224556139034759,1.0
2.2255563890972745,1.0
2.22655663915979,1.0
2.227556889222306,1.0
2.2285571392848214,1.0
2.2295573893473373,1.0
2.2305576394098527,1.0
2.231557889472368,1.0
2.232558139534884,1.0
2.2335583895973996,1.0
2.234558639659915,1.0
2.235558889722431,1.0
2.2365591397849465,1.0
2.237559389847462,1.0
2.238559639909978,1.0
2.2395598899724933,1.0
2.240560140035009,1.0
2.2415603900975247,1.0
2.24256064016004,1.0
2.2435608902225557,1.0
2.2445611402850716,1.0
2.245561390347587,1.0
2.246561640410103,1.0
2.2475618904726185,1.0
2.248562140535134,1.0
2.24956239059765,1.0
2.2505626406601653,1.0
2.251562890722681,1.0
2.2525631407851967,1.0
2.253563390847712,1.0
2.2545636409102277,1.0
2.2555638909727436,1.0
2.256564141035259,1.0
2.2575643910977745,1.0
2.2585646411602904,1.0
2.259564891222806,1.0
2.2605651412853214,1.0
2.2615653913478373,1.0
2.2625656414103528,1.0
2.2635658914728682,1.0
2.264566141535384,1.0
2.2655663915978996,1.0
2.2665666416604155,1.0
2.267566891722931,1.0
2.2685671417854465,1.0
2.2695673918479624,1.0
2.270567641910478,1.0
2.2715678919729934,1.0
2.2725681420355093,1.0
2.2735683920980247,1.0
2.27456864216054,1.0
2.275568892223056,1.0
2.2765691422855716,1.0
2.277569392348087,1.0
2.278569642410603,1.0
2.2795698924731185,1.0
2.280570142535634,1.0
2.28157039259815,1.0
2.2825706426606653,1.0
2.2835708927231813,1.0
2.2845711427856967,1.0
2.285571392848212,1.0
2.286571642910728,1.0
2.2875718929732436,1.0
2.288572143035759,1.0
2.289572393098275,1.0
2.2905726431607905,1.0
2.291572893223306,1.0
2.292573143285822,1.0
2.2935733933483373,1.0
2.294573643410853,1.0
2.2955738934733687,1.0
2.296574143535884,1.0
2.2975743935983997,1.0
2.2985746436609156,1.0
2.299574893723431,1.0
2.3005751437859465,1.0
2.3015753938484624,1.0
2.302575643910978,1.0
2.303575893973494,1.0
2.3045761440360093,1.0
2.3055763940985248,1.0
2.3065766441610407,1.0
2.307576894223556,1.0
2.3085771442860716,1.0
2.3095773943485876,1.0
2.310577644411103,1.0
2.3115778944736185,1.0
2.3125781445361344,1.0
2.31357839459865,1.0
2.3145786446611654,1.0
2.3155788947236813,1.0
2.3165791447861968,1.0
2.3175793948487122,1.0
2.318579644911228,1.0
2.3195798949737436,1.0
2.320580145036259,1.0
2.321580395098775,1.0
2.3225806451612905,1.0
2.3235808952238064,1.0
2.324581145286322,1.0
2.3255813953488373,1.0
2.3265816454113533,1.0
2.3275818954738687,1.0
2.328582145536384,1.0
2.3295823955989,1.0
2.3305826456614156,1.0
2.331582895723931,1.0
2.332583145786447,1.0
2.3335833958489625,1.0
2.334583645911478,1.0
2.335583895973994,1.0
2.3365841460365093,1.0
2.337584396099025,1.0
2.3385846461615407,1.0
2.339584896224056,1.0
2.340585146286572,1.0
2.3415853963490876,1.0
2.342585646411603,1.0
2.343585896474119,1.0
2.3445861465366344,1.0
2.34558639659915,1.0
2.346586646661666,1.0
2.3475868967241813,1.0
2.3485871467866968,1.0
2.3495873968492127,1.0
2.350587646911728,1.0
2.3515878969742436,1.0
2.3525881470367596,1.0
2.353588397099275,1.0
2.3545886471617905,1.0
2.3555888972243064,1.0
2.356589147286822,1.0
2.3575893973493374,1.0
2.3585896474118533,1.0
2.3595898974743688,1.0
2.3605901475368847,1.0
2.3615903975994,1.0
2.3625906476619156,1.0
2.3635908977244315,1.0
2.364591147786947,1.0
2.3655913978494625,1.0
2.3665916479119784,1.0
2.367591897974494,1.0
2.3685921480370093,1.0
2.3695923980995253,1.0
2.3705926481620407,1.0
2.371592898224556,1.0
2.372593148287072,1.0
2.3735933983495876,1.0
2.374593648412103,1.0
2.375593898474619,0.0
2.3765941485371345,0.0
2.3775943985996504,0.0
2.378594648662166,0.0
2.3795948987246813,0.0
2.3805951487871972,0.0
2.3815953988497127,0.0
2.382595648912228,0.0
2.383595898974744,0.0
2.3845961490372596,0.0
2.385596399099775,0.0
2.386596649162291,0.0
2.3875968992248064,0.0
2.388597149287322,0.0
2.389597399349838,0.0
2.3905976494123533,0.0
2.391597899474869,0.0
2.3925981495373847,0.0
2.3935983995999,0.0
2.3945986496624156,0.0
2.3955988997249316,0.0
2.396599149787447,0.0
2.397599399849963,0.0
2.3985996499124784,0.0
2.399599899974994,0.0
2.40060015003751,0.0
2.4016004001000253,0.0
2.4026006501625408,0.0
2.4036009002250567,0.0
2.404601150287572,0.0
2.4056014003500876,0.0
2.4066016504126035,0.0
2.407601900475119,0.0
2.4086021505376345,0.0
2.4096024006001504,0.0
2.410602650662666,0.0
2.4116029007251814,0.0
2.4126031507876973,0.0
2.4136034008502127,0.0
2.414603650912728,0.0
2.415603900975244,0.0
2.4166041510377596,0.0
2.4176044011002755,0.0
2.418604651162791,0.0
2.4196049012253065,0.0
2.4206051512878224,0.0
2.421605401350338,0.0
2.4226056514128533,0.0
2.4236059014753693,0.0
2.4246061515378847,0.0
2.4256064016004,0.0
2.426606651662916,0.0
2.4276069017254316,0.0
2.428607151787947,0.0
2.429607401850463,0.0
2.4306076519129785,0.0
2.431607901975494,0.0
2.43260815203801,0.0
2.4336084021005253,0.0
2.4346086521630412,0.0
2.4356089022255567,0.0
2.436609152288072,0.0
2.437609402350588,0.0
2.4386096524131036,0.0
2.439609902475619,0.0
2.440610152538135,0.0
2.4416104026006504,0.0
2.442610652663166,0.0
2.443610902725682,0.0
2.4446111527881973,0.0
2.4456114028507128,0.0
2.4466116529132287,0.0
2.447611902975744,0.0
2.4486121530382596,0.0
2.4496124031007755,0.0
2.450612653163291,0.0
2.4516129032258065,0.0
2.4526131532883224,0.0
2.453613403350838,0.0
2.454613653413354,0.0
2.4556139034758693,0.0
2.4566141535383847,0.0
2.4576144036009007,0.0
2.458614653663416,0.0
2.4596149037259316,0.0
2.4606151537884475,0.0
2.461615403850963,0.0
2.4626156539134785,0.0
2.4636159039759944,0.0
2.46461615403851,0.0
2.4656164041010253,0.0
2.4666166541635413,0.0
2.4676169042260567,0.0
2.468617154288572,0.0
2.469617404351088,0.0
2.4706176544136036,0.0
2.4716179044761195,0.0
2.472618154538635,0.0
2.4736184046011505,0.0
2.4746186546636664,0.0
2.475618904726182,0.0
2.4766191547886973,0.0
2.4776194048512132,0.0
2.4786196549137287,0.0
2.479619904976244,0.0
2.48062015503876,0.0
2.4816204051012756,0.0
2.482620655163791,0.0
2.483620905226307,0.0
2.4846211552888224,0.0
2.485621405351338,0.0
2.486621655413854,0.0
2.4876219054763693,0.0
2.4886221555388848,0.0
2.4896224056014007,0.0
2.490622655663916,0.0
2.491622905726432,0.0
2.4926231557889476,0.0
2.493623405851463,0.0
2.494623655913979,0.0
2.4956239059764944,0.0
2.49662415603901,0.0
2.497624406101526,0.0
2.4986246561640413,0.0
2.4996249062265568,0.0
2.5006251562890727,1.0
2.501625406351588,1.0
2.5026256564141036,1.0
2.5036259064766195,1.0
2.504626156539135,1.0
2.5056264066016505,1.0
2.5066266566641664,1.0
2.507626906726682,1.0
2.5086271567891973,1.0
2.5096274068517133,1.0
2.5106276569142287,1.0
2.5116279069767447,1.0
2.51262815703926,1.0
2.5136284071017756,1.0
2.5146286571642915,1.0
2.515628907226807,1.0
2.5166291572893225,1.0
2.5176294073518384,1.0
2.518629657414354,1.0
2.5196299074768693,1.0
2.5206301575393852,1.0
2.5216304076019007,1.0
2.522630657664416,1.0
2.523630907726932,1.0
2.5246311577894476,1.0
2.525631407851963,1.0
2.526631657914479,1.0
2.5276319079769944,1.0
2.5286321580395104,1.0
2.529632408102026,1.0
2.5306326581645413,1.0
2.531632908227057,1.0
2.5326331582895727,1.0
2.533633408352088,1.0
2.534633658414604,1.0
2.5356339084771196,1.0
2.536634158539635,1.0
2.537634408602151,1.0
2.5386346586646664,1.0
2.539634908727182,1.0
2.540635158789698,1.0
2.5416354088522133,1.0
2.5426356589147288,1.0
2.5436359089772447,1.0
2.54463615903976,1.0
2.5456364091022756,1.0
2.5466366591647915,1.0
2.547636909227307,1.0
2.548637159289823,1.0
2.5496374093523384,1.0
2.550637659414854,1.0
2.55163790947737,1.0
2.5526381595398853,1.0
2.5536384096024007,1.0
2.5546386596649167,1.0
2.555638909727432,1.0
2.5566391597899476,1.0
2.5576394098524635,1.0
2.558639659914979,1.0
2.5596399099774945,1.0
2.5606401600400104,1.0
2.561640410102526,1.0
2.5626406601650413,1.0
2.5636409102275572,1.0
2.5646411602900727,1.0
2.5656414103525886,1.0
2.566641660415104,1.0
2.5676419104776196,1.0
2.5686421605401355,1.0
2.569642410602651,1.0
2.5706426606651664,1.0
2.5716429107276824,1.0
2.572643160790198,1.0
2.5736434108527133,1.0
2.5746436609152292,1.0
2.5756439109777447,1.0
2.57664416104026,1.0
2.577644411102776,1.0
2.5786446611652916,1.0
2.579644911227807,1.0
2.580645161290323,1.0
2.5816454113528384,1.0
2.582645661415354,1.0
2.58364591147787,1.0
2.5846461615403853,1.0
2.585646411602901,1.0
2.5866466616654167,1.0
2.587646911727932,1.0
2.588647161790448,1.0
2.5896474118529635,1.0
2.590647661915479,1.0
2.591647911977995,1.0
2.5926481620405104,1.0
2.593648412103026,1.0
2.594648662165542,1.0
2.5956489122280573,1.0
2.5966491622905727,1.0
2.5976494123530887,1.0
2.598649662415604,1.0
2.5996499124781196,1.0
2.6006501625406355,1.0
2.601650412603151,1.0
2.6026506626656665,1.0
2.6036509127281824,1.0
2.604651162790698,1.0
2.6056514128532138,1.0
2.6066516629157293,1.0
2.6076519129782447,1.0
2.6086521630407606,1.0
2.609652413103276,1.0
2.6106526631657916,1.0
2.6116529132283075,1.0
2.612653163290823,1.0
2.6136534133533385,1.0
2.6146536634158544,1.0
2.61565391347837,1.0
2.6166541635408853,1.0
2.6176544136034012,1.0
2.6186546636659167,1.0
2.619654913728432,1.0
2.620655163790948,1.0
2.6216554138534636,1.0
2.6226556639159795,1.0
2.623655913978495,1.0
2.6246561640410104,1.0
2.6256564141035263,1.0
2.626656664166042,1.0
2.6276569142285573,1.0
2.628657164291073,1.0
2.6296574143535887,1.0
2.630657664416104,1.0
2.63165791447862,1.0
2.6326581645411355,1.0
2.633658414603651,1.0
2.634658664666167,1.0
2.6356589147286824,1.0
2.636659164791198,1.0
2.637659414853714,1.0
2.6386596649162293,1.0
2.6396599149787447,1.0
2.6406601650412607,1.0
2.641660415103776,1.0
2.642660665166292,1.0
2.6436609152288075,1.0
2.644661165291323,1.0
2.645661415353839,1.0
2.6466616654163544,1.0
2.64766191547887,1.0
2.648662165541386,1.0
2.6496624156039013,1.0
2.6506626656664167,1.0
2.6516629157289326,1.0
2.652663165791448,1.0
2.6536634158539636,1.0
2.6546636659164795,1.0
2.655663915978995,1.0
2.6566641660415105,1.0
2.6576644161040264,1.0
2.658664666166542,1.0
2.6596649162290578,1.0
2.6606651662915732,1.0
2.6616654163540887,1.0
2.6626656664166046,1.0
2.66366591647912,1.0
2.6646661665416356,1.0
2.6656664166041515,1.0
2.666666666666667,1.0
2.6676669167291824,1.0
2.6686671667916984,1.0
2.669667416854214,1.0
2.6706676669167293,1.0
2.671667916979245,1.0
2.6726681670417607,1.0
2.673668417104276,1.0
2.674668667166792,1.0
2.6756689172293076,1.0
2.676669167291823,1.0
2.677669417354339,1.0
2.6786696674168544,1.0
2.6796699174793703,1.0
2.680670167541886,1.0
2.6816704176044013,1.0
2.682670667666917,1.0
2.6836709177294327,1.0
2.684671167791948,1.0
2.685671417854464,1.0
2.6866716679169795,1.0
2.687671917979495,1.0
2.688672168042011,1.0
2.6896724181045264,1.0
2.690672668167042,1.0
2.691672918229558,1.0
2.6926731682920733,1.0
2.6936734183545887,1.0
2.6946736684171047,1.0
2.69567391847962,1.0
2.6966741685421356,1.0
2.6976744186046515,1.0
2.698674668667167,1.0
2.699674918729683,1.0
2.7006751687921984,1.0
2.701675418854714,1.0
2.7026756689172298,1.0
2.7036759189797452,1.0
2.7046761690422607,1.0
2.7056764191047766,1.0
2.706676669167292,1.0
2.7076769192298076,1.0
2.7086771692923235,1.0
2.709677419354839,1.0
2.7106776694173544,1.0
2.7116779194798704,1.0
2.712678169542386,1.0
2.7136784196049013,1.0
2.714678669667417,1.0
2.7156789197299327,1.0
2.7166791697924486,1.0
2.717679419854964,1.0
2.7186796699174796,1.0
2.7196799199799955,1.0
2.720680170042511,1.0
2.7216804201050264,1.0
2.7226806701675423,1.0
2.723680920230058,1.0
2.7246811702925733,1.0
2.725681420355089,1.0
2.7266816704176047,1.0
2.72768192048012,1.0
2.728682170542636,1.0
2.7296824206051515,1.0
2.730682670667667,1.0
2.731682920730183,1.0
2.7326831707926984,1.0
2.733683420855214,1.0
2.73468367091773,1.0
2.7356839209802453,1.0
2.736684171042761,1.0
2.7376844211052767,1.0
2.738684671167792,1.0
2.739684921230308,1.0
2.7406851712928235,1.0
2.741685421355339,1.0
2.742685671417855,1.0
2.7436859214803704,1.0
2.744686171542886,1.0
2.7456864216054018,1.0
2.7466866716679172,1.0
2.7476869217304327,1.0
2.7486871717929486,1.0
2.749687421855464,1.0
2.7506876719179796,1.0
2.7516879219804955,1.0
2.752688172043011,1.0
2.753688422105527,1.0
2.7546886721680424,1.0
2.755688922230558,1.0
2.7566891722930738,1.0
2.7576894223555892,1.0
2.7586896724181047,1.0
2.7596899224806206,1.0
2.760690172543136,1.0
2.7616904226056516,1.0
2.7626906726681675,1.0
2.763690922730683,1.0
2.7646911727931984,1.0
2.7656914228557143,1.0
2.76669167291823,1.0
2.7676919229807453,1.0
2.768692173043261,1.0
2.7696924231057767,1.0
2.770692673168292,1.0
2.771692923230808,1.0
2.7726931732933235,1.0
2.7736934233558395,1.0
2.774693673418355,1.0
2.7756939234808704,1.0
2.7766941735433863,1.0
2.777694423605902,1.0
2.7786946736684173,1.0
2.779694923730933,1.0
2.7806951737934487,1.0
2.781695423855964,1.0
2.78269567391848,1.0
2.7836959239809955,1.0
2.784696174043511,1.0
2.785696424106027,1.0
2.7866966741685424,1.0
2.787696924231058,1.0
2.7886971742935738,1.0
2.7896974243560893,1.0
2.7906976744186047,1.0
2.7916979244811206,1.0
2.792698174543636,1.0
2.793698424606152,1.0
2.7946986746686675,1.0
2.795698924731183,1.0
2.796699174793699,1.0
2.7976994248562144,1.0
2.79869967491873,1.0
2.7996999249812458,1.0
2.8007001750437612,1.0
2.8017004251062767,1.0
2.8027006751687926,1.0
2.803700925231308,1.0
2.8047011752938236,1.0
2.8057014253563395,1.0
2.806701675418855,1.0
2.8077019254813704,1.0
2.8087021755438863,1.0
2.809702425606402,1.0
2.8107026756689177,1.0
2.811702925731433,1.0
2.8127031757939487,1.0
2.8137034258564646,1.0
2.81470367591898,1.0
2.8157039259814955,1.0
2.8167041760440115,1.0
2.817704426106527,1.0
2.8187046761690424,1.0
2.8197049262315583,1.0
2.820705176294074,1.0
2.8217054263565893,1.0
2.822705676419105,1.0
2.8237059264816207,1.0
2.824706176544136,1.0
2.825706426606652,1.0
2.8267066766691675,1.0
2.827706926731683,1.0
2.828707176794199,1.0
2.8297074268567144,1.0
2.8307076769192303,1.0
2.831707926981746,1.0
2.8327081770442613,1.0
2.833708427106777,1.0
2.8347086771692926,1.0
2.835708927231808,1.0
2.836709177294324,1.0
2.8377094273568395,1.0
2.838709677419355,1.0
2.839709927481871,1.0
2.8407101775443864,1.0
2.841710427606902,1.0
2.8427106776694178,1.0
2.8437109277319332,1.0
2.8447111777944487,1.0
2.8457114278569646,1.0
2.84671167791948,1.0
2.847711927981996,1.0
2.8487121780445115,1.0
2.849712428107027,1.0
2.850712678169543,1.0
2.8517129282320584,1.0
2.852713178294574,1.0
2.8537134283570897,1.0
2.854713678419605,1.0
2.8557139284821207,1.0
2.8567141785446366,1.0
2.857714428607152,1.0
2.8587146786696676,1.0
2.8597149287321835,1.0
2.860715178794699,1.0
2.8617154288572144,1.0
2.8627156789197303,1.0
2.863715928982246,1.0
2.8647161790447613,1.0
2.865716429107277,1.0
2.8667166791697927,1.0
2.8677169292323086,1.0
2.868717179294824,1.0
2.8697174293573395,1.0
2.8707176794198555,1.0
2.871717929482371,1.0
2.8727181795448864,1.0
2.8737184296074023,1.0
2.874718679669918,1.0
2.8757189297324333,0.0
2.876719179794949,0.0
2.8777194298574647,0.0
2.87871967991998,0.0
2.879719929982496,0.0
2.8807201800450115,0.0
2.881720430107527,0.0
2.882720680170043,0.0
2.8837209302325584,0.0
2.884721180295074,0.0
2.8857214303575898,0.0
2.8867216804201052,0.0
2.887721930482621,0.0
2.8887221805451366,0.0
2.889722430607652,0.0
2.890722680670168,0.0
2.8917229307326835,0.0
2.892723180795199,0.0
2.893723430857715,0.0
2.8947236809202304,0.0
2.895723930982746,0.0
2.8967241810452617,0.0
2.897724431107777,0.0
2.8987246811702927,0.0
2.8997249312328086,0.0
2.900725181295324,0.0
2.9017254313578396,0.0
2.9027256814203555,0.0
2.903725931482871,0.0
2.904726181545387,0.0
2.9057264316079023,0.0
2.906726681670418,0.0
2.9077269317329337,0.0
2.908727181795449,0.0
2.9097274318579647,0.0
2.9107276819204806,0.0
2.911727931982996,0.0
2.9127281820455115,0.0
2.9137284321080275,0.0
2.914728682170543,0.0
2.9157289322330584,0.0
2.9167291822955743,0.0
2.91772943235809,0.0
2.9187296824206053,0.0
2.919729932483121,0.0
2.9207301825456367,0.0
2.921730432608152,0.0
2.922730682670668,0.0
2.9237309327331835,0.0
2.9247311827956994,0.0
2.925731432858215,0.0
2.9267316829207304,0.0
2.9277319329832463,0.0
2.9287321830457618,0.0
2.9297324331082772,0.0
2.930732683170793,0.0
2.9317329332333086,0.0
2.932733183295824,0.0
2.93373343335834,0.0
2.9347336834208555,0.0
2.935733933483371,0.0
2.936734183545887,0.0
2.9377344336084024,0.0
2.938734683670918,0.0
2.9397349337334338,0.0
2.9407351837959492,0.0
2.941735433858465,0.0
2.9427356839209806,0.0
2.943735933983496,0.0
2.944736184046012,0.0
2.9457364341085275,0.0
2.946736684171043,0.0
2.947736934233559,0.0
2.9487371842960743,0.0
2.94973743435859,0.0
2.9507376844211057,0.0
2.951737934483621,0.0
2.9527381845461367,0.0
2.9537384346086526,0.0
2.954738684671168,0.0
2.9557389347336835,0.0
2.9567391847961995,0.0
2.957739434858715,0.0
2.9587396849212304,0.0
2.9597399349837463,0.0
2.960740185046262,0.0
2.9617404351087777,0.0
2.962740685171293,0.0
2.9637409352338087,0.0
2.9647411852963246,0.0
2.96574143535884,0.0
2.9667416854213555,0.0
2.9677419354838714,0.0
2.968742185546387,0.0
2.9697424356089024,0.0
2.9707426856714183,0.0
2.9717429357339338,0.0
2.9727431857964493,0.0
2.973743435858965,0.0
2.9747436859214806,0.0
2.975743935983996,0.0
2.976744186046512,0.0
2.9777444361090275,0.0
2.978744686171543,0.0
2.979744936234059,0.0
2.9807451862965744,0.0
2.9817454363590903,0.0
2.9827456864216058,0.0
2.9837459364841212,0.0
2.984746186546637,0.0
2.9857464366091526,0.0
2.986746686671668,0.0
2.987746936734184,0.0
2.9887471867966995,0.0
2.989747436859215,0.0
2.990747686921731,0.0
2.9917479369842463,0.0
2.992748187046762,0.0
2.9937484371092777,0.0
2.994748687171793,0.0
2.9957489372343087,0.0
2.9967491872968246,0.0
2.99774943735934,0.0
2.998749687421856,0.0
2.9997499374843715,0.0
3.000750187546887,1.0
3.001750437609403,1.0
3.0027506876719183,1.0
3.003750937734434,1.0
3.0047511877969497,1.0
3.005751437859465,1.0
3.0067516879219807,1.0
3.0077519379844966,1.0
3.008752188047012,1.0
3.0097524381095275,1.0
3.0107526881720434,1.0
3.011752938234559,1.0
3.0127531882970744,1.0
3.0137534383595903,1.0
3.014753688422106,1.0
3.0157539384846213,1.0
3.016754188547137,1.0
3.0177544386096526,1.0
3.0187546886721686,1.0
3.019754938734684,1.0
3.0207551887971995,1.0
3.0217554388597154,1.0
3.022755688922231,1.0
3.0237559389847464,1.0
3.0247561890472623,1.0
3.0257564391097778,1.0
3.0267566891722932,1.0
3.027756939234809,1.0
3.0287571892973246,1.0
3.02975743935984,1.0
3.030757689422356,1.0
3.0317579394848715,1.0
3.032758189547387,1.0
3.033758439609903,1.0
3.0347586896724184,1.0
3.0357589397349343,1.0
3.0367591897974497,1.0
3.037759439859965,1.0
3.038759689922481,1.0
3.0397599399849966,1.0
3.040760190047512,1.0
3.041760440110028,1.0
3.0427606901725435,1.0
3.043760940235059,1.0
3.044761190297575,1.0
3.0457614403600903,1.0
3.046761690422606,1.0
3.0477619404851217,1.0
3.048762190547637,1.0
3.0497624406101527,1.0
3.0507626906726686,1.0
3.051762940735184,1.0
3.0527631907976995,1.0
3.0537634408602155,1.0
3.054763690922731,1.0
3.055763940985247,1.0
3.0567641910477623,1.0
3.057764441110278,1.0
3.0587646911727937,1.0
3.059764941235309,1.0
3.0607651912978247,1.0
3.0617654413603406,1.0
3.062765691422856,1.0
3.0637659414853715,1.0
3.0647661915478874,1.0
3.065766441610403,1.0
3.0667666916729184,1.0
3.0677669417354343,1.0
3.0687671917979498,1.0
3.0697674418604652,1.0
3.070767691922981,1.0
3.0717679419854966,1.0
3.072768192048012,1.0
3.073768442110528,1.0
3.0747686921730435,1.0
3.0757689422355594,1.0
3.076769192298075,1.0
3.0777694423605904,1.0
3.0787696924231063,1.0
3.0797699424856217,1.0
3.080770192548137,1.0
3.081770442610653,1.0
3.0827706926731686,1.0
3.083770942735684,1.0
3.0847711927982,1.0
3.0857714428607155,1.0
3.086771692923231,1.0
3.087771942985747,1.0
3.0887721930482623,1.0
3.089772443110778,1.0
3.0907726931732937,1.0
3.091772943235809,1.0
3.092773193298325,1.0
3.0937734433608406,1.0
3.094773693423356,1.0
3.095773943485872,1.0
3.0967741935483875,1.0
3.097774443610903,1.0
3.098774693673419,1.0
3.0997749437359343,1.0
3.10077519379845,1.0
3.1017754438609657,1.0
3.102775693923481,1.0
3.1037759439859967,1.0
3.1047761940485126,1.0
3.105776444111028,1.0
3.1067766941735435,1.0
3.1077769442360594,1.0
3.108777194298575,1.0
3.1097774443610904,1.0
3.1107776944236063,1.0
3.1117779444861218,1.0
3.1127781945486377,1.0
3.113778444611153,1.0
3.1147786946736686,1.0
3.1157789447361846,1.0
3.1167791947987,1.0
3.1177794448612155,1.0
3.1187796949237314,1.0
3.119779944986247,1.0
3.1207801950487624,1.0
3.1217804451112783,1.0
3.1227806951737938,1.0
3.1237809452363092,1.0
3.124781195298825,1.0
3.1257814453613406,1.0
3.126781695423856,1.0
3.127781945486372,1.0
3.1287821955488875,1.0
3.1297824456114034,1.0
3.130782695673919,1.0
3.1317829457364343,1.0
3.1327831957989503,1.0
3.1337834458614657,1.0
3.134783695923981,1.0
3.135783945986497,1.0
3.1367841960490126,1.0
3.137784446111528,1.0
3.138784696174044,1.0
3.1397849462365595,1.0
3.140785196299075,1.0
3.141785446361591,1.0
3.1427856964241063,1.0
3.143785946486622,1.0
3.1447861965491377,1.0
3.145786446611653,1.0
3.1467866966741687,1.0
3.1477869467366846,1.0
3.1487871967992,1.0
3.149787446861716,1.0
3.1507876969242314,1.0
3.151787946986747,1.0
3.152788197049263,1.0
3.1537884471117783,1.0
3.1547886971742938,1.0
3.1557889472368097,1.0
3.156789197299325,1.0
3.1577894473618406,1.0
3.1587896974243566,1.0
3.159789947486872,1.0
3.1607901975493875,1.0
3.1617904476119034,1.0
3.162790697674419,1.0
3.1637909477369344,1.0
3.1647911977994503,1.0
3.1657914478619658,1.0
3.1667916979244817,1.0
3.167791947986997,1.0
3.1687921980495126,1.0
3.1697924481120285,1.0
3.170792698174544,1.0
3.1717929482370595,1.0
3.1727931982995754,1.0
3.173793448362091,1.0
3.1747936984246063,1.0
3.1757939484871223,1.0
3.1767941985496377,1.0
3.177794448612153,1.0
3.178794698674669,1.0
3.1797949487371846,1.0
3.1807951987997,1.0
3.181795448862216,1.0
3.1827956989247315,1.0
3.183795948987247,1.0
3.184796199049763,1.0
3.1857964491122783,1.0
3.1867966991747942,1.0
3.1877969492373097,1.0
3.188797199299825,1.0
3.189797449362341,1.0
3.1907976994248566,1.0
3.191797949487372,1.0
3.192798199549888,1.0
3.1937984496124034,1.0
3.194798699674919,1.0
3.195798949737435,1.0
3.1967991997999503,1.0
3.197799449862466,1.0
3.1987996999249817,1.0
3.199799949987497,1.0
3.2008002000500126,1.0
3.2018004501125286,1.0
3.202800700175044,1.0
3.2038009502375595,1.0
3.2048012003000754,1.0
3.205801450362591,1.0
3.206801700425107,1.0
3.2078019504876223,1.0
3.2088022005501378,1.0
3.2098024506126537,1.0
3.210802700675169,1.0
3.2118029507376846,1.0
3.2128032008002005,1.0
3.213803450862716,1.0
3.2148037009252315,1.0
3.2158039509877474,1.0
3.216804201050263,1.0
3.2178044511127784,1.0
3.2188047011752943,1.0
3.2198049512378097,1.0
3.220805201300325,1.0
3.221805451362841,1.0
3.2228057014253566,1.0
3.2238059514878725,1.0
3.224806201550388,1.0
3.2258064516129035,1.0
3.2268067016754194,1.0
3.227806951737935,1.0
3.2288072018004503,1.0
3.2298074518629662,1.0
3.2308077019254817,1.0
3.231807951987997,1.0
3.232808202050513,1.0
3.2338084521130286,1.0
3.234808702175544,1.0
3.23580895223806,1.0
3.2368092023005754,1.0
3.237809452363091,1.0
3.238809702425607,1.0
3.2398099524881223,1.0
3.240810202550638,1.0
3.2418104526131537,1.0
3.242810702675669,1.0
3.243810952738185,1.0
3.2448112028007006,1.0
3.245811452863216,1.0
3.246811702925732,1.0
3.2478119529882474,1.0
3.248812203050763,1.0
3.249812453113279,1.0
3.2508127031757943,1.0
3.2518129532383098,1.0
3.2528132033008257,1.0
3.253813453363341,1.0
3.2548137034258566,1.0
3.2558139534883725,1.0
3.256814203550888,1.0
3.2578144536134035,1.0
3.2588147036759194,1.0
3.259814953738435,1.0
3.260815203800951,1.0
3.2618154538634663,1.0
3.2628157039259817,1.0
3.2638159539884977,1.0
3.264816204051013,1.0
3.2658164541135286,1.0
3.2668167041760445,1.0
3.26781695423856,1.0
3.2688172043010755,1.0
3.2698174543635914,1.0
3.270817704426107,1.0
3.2718179544886223,1.0
3.2728182045511383,1.0
3.2738184546136537,1.0
3.274818704676169,1.0
3.275818954738685,1.0
3.2768192048012006,1.0
3.277819454863716,1.0
3.278819704926232,1.0
3.2798199549887475,1.0
3.2808202050512634,1.0
3.281820455113779,1.0
3.2828207051762943,1.0
3.2838209552388102,1.0
3.2848212053013257,1.0
3.285821455363841,1.0
3.286821705426357,1.0
3.2878219554888726,1.0
3.288822205551388,1.0
3.289822455613904,1.0
3.2908227056764194,1.0
3.291822955738935,1.0
3.292823205801451,1.0
3.2938234558639663,1.0
3.2948237059264818,1.0
3.2958239559889977,1.0
3.296824206051513,1.0
3.2978244561140286,1.0
3.2988247061765446,1.0
3.29982495623906,1.0
3.300825206301576,1.0
3.3018254563640914,1.0
3.302825706426607,1.0
3.303825956489123,1.0
3.3048262065516383,1.0
3.3058264566141538,1.0
3.3068267066766697,1.0
3.307826956739185,1.0
3.3088272068017006,1.0
3.3098274568642165,1.0
3.310827706926732,1.0
3.3118279569892475,1.0
3.3128282070517634,1.0
3.313828457114279,1.0
3.3148287071767943,1.0
3.3158289572393103,1.0
3.3168292073018257,1.0
3.3178294573643416,1.0
3.318829707426857,1.0
3.3198299574893726,1.0
3.3208302075518885,1.0
3.321830457614404,1.0
3.3228307076769195,1.0
3.3238309577394354,1.0
3.324831207801951,1.0
3.3258314578644663,1.0
3.3268317079269822,1.0
3.3278319579894977,1.0
3.328832208052013,1.0
3.329832458114529,1.0
3.3308327081770446,1.0
3.33183295823956,1.0
3.332833208302076,1.0
3.3338334583645914,1.0
3.334833708427107,1.0
3.335833958489623,1.0
3.3368342085521383,1.0
3.337834458614654,1.0
3.3388347086771697,1.0
3.339834958739685,1.0
3.340835208802201,1.0
3.3418354588647166,1.0
3.342835708927232,1.0
3.343835958989748,1.0
3.3448362090522634,1.0
3.345836459114779,1.0
3.346836709177295,1.0
3.3478369592398103,1.0
3.3488372093023258,1.0
3.3498374593648417,1.0
3.350837709427357,1.0
3.3518379594898726,1.0
3.3528382095523885,1.0
3.353838459614904,1.0
3.35483870967742,1.0
3.3558389597399354,1.0
3.356839209802451,1.0
3.357839459864967,1.0
3.3588397099274823,1.0
3.3598399599899977,1.0
3.3608402100525137,1.0
3.361840460115029,1.0
3.3628407101775446,1.0
3.3638409602400605,1.0
3.364841210302576,1.0
3.3658414603650915,1.0
3.3668417104276074,1.0
3.367841960490123,1.0
3.3688422105526383,1.0
3.3698424606151542,1.0
3.3708427106776697,1.0
3.371842960740185,1.0
3.372843210802701,1.0
3.3738434608652166,1.0
3.3748437109277325,1.0
3.375843960990248,0.0
3.3768442110527634,0.0
3.3778444611152794,0.0
3.378844711177795,0.0
3.3798449612403103,0.0
3.3808452113028262,0.0
3.3818454613653417,0.0
3.382845711427857,0.0
3.383845961490373,0.0
3.3848462115528886,0.0
3.385846461615404,0.0
3.38684671167792,0.0
3.3878469617404354,0.0
3.388847211802951,0.0
3.389847461865467,0.0
3.3908477119279823,0.0
3.3918479619904978,0.0
3.3928482120530137,0.0
3.393848462115529,0.0
3.394848712178045,0.0
3.3958489622405605,0.0
3.396849212303076,0.0
3.397849462365592,0.0
3.3988497124281074,0.0
3.399849962490623,0.0
3.400850212553139,0.0
3.4018504626156543,0.0
3.4028507126781697,0.0
3.4038509627406857,0.0
3.404851212803201,0.0
3.4058514628657166,0.0
3.4068517129282325,0.0
3.407851962990748,0.0
3.4088522130532635,0.0
3.4098524631157794,0.0
3.410852713178295,0.0
3.4118529632408108,0.0
3.4128532133033262,0.0
3.4138534633658417,0.0
3.4148537134283576,0.0
3.415853963490873,0.0
3.4168542135533886,0.0
3.4178544636159045,0.0
3.41885471367842,0.0
3.4198549637409354,0.0
3.4208552138034514,0.0
3.421855463865967,0.0
3.4228557139284823,0.0
3.4238559639909982,0.0
3.4248562140535137,0.0
3.425856464116029,0.0
3.426856714178545,0.0
3.4278569642410606,0.0
3.428857214303576,0.0
3.429857464366092,0.0
3.4308577144286074,0.0
3.4318579644911233,0.0
3.432858214553639,0.0
3.4338584646161543,0.0
3.43485871467867,0.0
3.4358589647411857,0.0
3.436859214803701,0.0
3.437859464866217,0.0
3.4388597149287325,0.0
3.439859964991248,0.0
3.440860215053764,0.0
3.4418604651162794,0.0
3.442860715178795,0.0
3.443860965241311,0.0
3.4448612153038263,0.0
3.4458614653663417,0.0
3.4468617154288577,0.0
3.447861965491373,0.0
3.448862215553889,0.0
3.4498624656164045,0.0
3.45086271567892,0.0
3.451862965741436,0.0
3.4528632158039514,0.0
3.453863465866467,0.0
3.454863715928983,0.0
3.4558639659914983,0.0
3.4568642160540137,0.0
3.4578644661165296,0.0
3.458864716179045,0.0
3.4598649662415606,0.0
3.4608652163040765,0.0
3.461865466366592,0.0
3.4628657164291075,0.0
3.4638659664916234,0.0
3.464866216554139,0.0
3.4658664666166543,0.0
3.4668667166791702,0.0
3.4678669667416857,0.0
3.4688672168042016,0.0
3.469867466866717,0.0
3.4708677169292326,0.0
3.4718679669917485,0.0
3.472868217054264,0.0
3.4738684671167794,0.0
3.4748687171792954,0.0
3.475868967241811,0.0
3.4768692173043263,0.0
3.477869467366842,0.0
3.4788697174293577,0.0
3.479869967491873,0.0
3.480870217554389,0.0
3.4818704676169046,0.0
3.48287071767942,0.0
3.483870967741936,0.0
3.4848712178044514,0.0
3.485871467866967,0.0
3.486871717929483,0.0
3.4878719679919983,0.0
3.488872218054514,0.0
3.4898724681170297,0.0
3.490872718179545,0.0
3.491872968242061,0.0
3.4928732183045765,0.0
3.493873468367092,0.0
3.494873718429608,0.0
3.4958739684921234,0.0
3.496874218554639,0.0
3.497874468617155,0.0
3.4988747186796703,0.0
3.4998749687421857,0.0
3.5008752188047016,1.0
3.501875468867217,1.0
3.5028757189297326,1.0
3.5038759689922485,1.0
3.504876219054764,1.0
3.50587646911728,1.0
3.5068767191797954,1.0
3.507876969242311,1.0
3.5088772193048268,1.0
3.5098774693673422,1.0
3.5108777194298577,1.0
3.5118779694923736,1.0
3.512878219554889,1.0
3.5138784696174046,1.0
3.5148787196799205,1.0
3.515878969742436,1.0
3.5168792198049514,1.0
3.5178794698674674,1.0
3.518879719929983,1.0
3.5198799699924983,1.0
3.520880220055014,1.0
3.5218804701175297,1.0
3.522880720180045,1.0
3.523880970242561,1.0
3.5248812203050766,1.0
3.5258814703675925,1.0
3.526881720430108,1.0
3.5278819704926234,1.0
3.5288822205551393,1.0
3.529882470617655,1.0
3.5308827206801703,1.0
3.531882970742686,1.0
3.5328832208052017,1.0
3.533883470867717,1.0
3.534883720930233,1.0
3.5358839709927485,1.0
3.536884221055264,1.0
3.53788447111778,1.0
3.5388847211802954,1.0
3.539884971242811,1.0
3.540885221305327,1.0
3.5418854713678423,1.0
3.542885721430358,1.0
3.5438859714928737,1.0
3.544886221555389,1.0
3.545886471617905,1.0
3.5468867216804205,1.0
3.547886971742936,1.0
3.548887221805452,1.0
3.5498874718679674,1.0
3.550887721930483,1.0
3.5518879719929988,1.0
3.5528882220555142,1.0
3.5538884721180297,1.0
3.5548887221805456,1.0
3.555888972243061,1.0
3.5568892223055766,1.0
3.5578894723680925,1.0
3.558889722430608,1.0
3.5598899724931234,1.0
3.5608902225556394,1.0
3.561890472618155,1.0
3.5628907226806708,1.0
3.5638909727431862,1.0
3.5648912228057017,1.0
3.5658914728682176,1.0
3.566891722930733,1.0
3.5678919729932486,1.0
3.5688922230557645,1.0
3.56989247311828,1.0
3.5708927231807954,1.0
3.5718929732433113,1.0
3.572893223305827,1.0
3.5738934733683423,1.0
3.574893723430858,1.0
3.5758939734933737,1.0
3.576894223555889,1.0
3.577894473618405,1.0
3.5788947236809205,1.0
3.579894973743436,1.0
3.580895223805952,1.0
3.5818954738684674,1.0
3.5828957239309833,1.0
3.583895973993499,1.0
3.5848962240560143,1.0
3.58589647411853,1.0
3.5868967241810457,1.0
3.587896974243561,1.0
3.588897224306077,1.0
3.5898974743685925,1.0
3.590897724431108,1.0
3.591897974493624,1.0
3.5928982245561394,1.0
3.593898474618655,1.0
3.5948987246811708,1.0
3.5958989747436862,1.0
3.5968992248062017,1.0
3.5978994748687176,1.0
3.598899724931233,1.0
3.599899974993749,1.0
3.6009002250562645,1.0
3.60190047511878,1.0
3.602900725181296,1.0
3.6039009752438114,1.0
3.604901225306327,1.0
3.6059014753688428,1.0
3.6069017254313582,1.0
3.6079019754938737,1.0
3.6089022255563896,1.0
3.609902475618905,1.0
3.6109027256814206,1.0
3.6119029757439365,1.0
3.612903225806452,1.0
3.6139034758689674,1.0
3.6149037259314833,1.0
3.615903975993999,1.0
3.6169042260565143,1.0
3.61790447611903,1.0
3.6189047261815457,1.0
3.6199049762440616,1.0
3.620905226306577,1.0
3.6219054763690925,1.0
3.6229057264316085,1.0
3.623905976494124,1.0
3.6249062265566394,1.0
3.6259064766191553,1.0
3.626906726681671,1.0
3.6279069767441863,1.0
3.628907226806702,1.0
3.6299074768692177,1.0
3.630907726931733,1.0
3.631907976994249,1.0
3.6329082270567645,1.0
3.63390847711928,1.0
3.634908727181796,1.0
3.6359089772443114,1.0
3.6369092273068273,1.0
3.637909477369343,1.0
3.6389097274318583,1.0
3.639909977494374,1.0
3.6409102275568896,1.0
3.641910477619405,1.0
3.642910727681921,1.0
3.6439109777444365,1.0
3.644911227806952,1.0
3.645911477869468,1.0
3.6469117279319834,1.0
3.647911977994499,1.0
3.6489122280570148,1.0
3.6499124781195302,1.0
3.6509127281820457,1.0
3.6519129782445616,1.0
3.652913228307077,1.0
3.6539134783695926,1.0
3.6549137284321085,1.0
3.655913978494624,1.0
3.65691422855714,1.0
3.6579144786196554,1.0
3.658914728682171,1.0
3.6599149787446867,1.0
3.660915228807202,1.0
3.6619154788697177,1.0
3.6629157289322336,1.0
3.663915978994749,1.0
3.6649162290572646,1.0
3.6659164791197805,1.0
3.666916729182296,1.0
3.6679169792448114,1.0
3.6689172293073273,1.0
3.669917479369843,1.0
3.6709177294323583,1.0
3.671917979494874,1.0
3.6729182295573897,1.0
3.673918479619905,1.0
3.674918729682421,1.0
3.6759189797449365,1.0
3.6769192298074524,1.0
3.677919479869968,1.0
3.6789197299324834,1.0
3.6799199799949993,1.0
3.680920230057515,1.0
3.6819204801200303,1.0
3.682920730182546,1.0
3.6839209802450616,1.0
3.684921230307577,1.0
3.685921480370093,1.0
3.6869217304326085,1.0
3.687921980495124,1.0
3.68892223055764,1.0
3.6899224806201554,1.0
3.690922730682671,1.0
3.6919229807451868,1.0
3.6929232308077022,1.0
3.693923480870218,1.0
3.6949237309327336,1.0
3.695923980995249,1.0
3.696924231057765,1.0
3.6979244811202805,1.0
3.698924731182796,1.0
3.699924981245312,1.0
3.7009252313078274,1.0
3.701925481370343,1.0
3.7029257314328587,1.0
3.703925981495374,1.0
3.7049262315578897,1.0
3.7059264816204056,1.0
3.706926731682921,1.0
3.7079269817454366,1.0
3.7089272318079525,1.0
3.709927481870468,1.0
3.7109277319329834,1.0
3.7119279819954993,1.0
3.712928232058015,1.0
3.7139284821205307,1.0
3.714928732183046,1.0
3.7159289822455617,1.0
3.7169292323080776,1.0
3.717929482370593,1.0
3.7189297324331085,1.0
3.7199299824956245,1.0
3.72093023255814,1.0
3.7219304826206554,1.0
3.7229307326831713,1.0
3.723930982745687,1.0
3.7249312328082023,1.0
3.725931482870718,1.0
3.7269317329332337,1.0
3.727931982995749,1.0
3.728932233058265,1.0
3.7299324831207805,1.0
3.7309327331832964,1.0
3.731932983245812,1.0
3.7329332333083274,1.0
3.7339334833708433,1.0
3.7349337334333588,1.0
3.7359339834958742,1.0
3.73693423355839,1.0
3.7379344836209056,1.0
3.738934733683421,1.0
3.739934983745937,1.0
3.7409352338084525,1.0
3.741935483870968,1.0
3.742935733933484,1.0
3.7439359839959994,1.0
3.744936234058515,1.0
3.7459364841210308,1.0
3.7469367341835462,1.0
3.7479369842460617,1.0
3.7489372343085776,1.0
3.749937484371093,1.0
3.750937734433609,1.0
3.7519379844961245,1.0
3.75293823455864,1.0
3.753938484621156,1.0
3.7549387346836713,1.0
3.755938984746187,1.0
3.7569392348087027,1.0
3.757939484871218,1.0
3.7589397349337337,1.0
3.7599399849962496,1.0
3.760940235058765,1.0
3.7619404851212805,1.0
3.7629407351837965,1.0
3.763940985246312,1.0
3.7649412353088274,1.0
3.7659414853713433,1.0
3.766941735433859,1.0
3.7679419854963743,1.0
3.76894223555889,1.0
3.7699424856214057,1.0
3.7709427356839216,1.0
3.771942985746437,1.0
3.7729432358089525,1.0
3.7739434858714684,1.0
3.774943735933984,1.0
3.7759439859964994,1.0
3.7769442360590153,1.0
3.7779444861215308,1.0
3.7789447361840462,1.0
3.779944986246562,1.0
3.7809452363090776,1.0
3.781945486371593,1.0
3.782945736434109,1.0
3.7839459864966245,1.0
3.78494623655914,1.0
3.785946486621656,1.0
3.7869467366841714,1.0
3.7879469867466873,1.0
3.7889472368092028,1.0
3.7899474868717182,1.0
3.790947736934234,1.0
3.7919479869967496,1.0
3.792948237059265,1.0
3.793948487121781,1.0
3.7949487371842965,1.0
3.795948987246812,1.0
3.796949237309328,1.0
3.7979494873718433,1.0
3.798949737434359,1.0
3.7999499874968747,1.0
3.80095023755939,1.0
3.8019504876219057,1.0
3.8029507376844216,1.0
3.803950987746937,1.0
3.8049512378094525,1.0
3.8059514878719685,1.0
3.806951737934484,1.0
3.807951987997,1.0
3.8089522380595153,1.0
3.809952488122031,1.0
3.8109527381845467,1.0
3.811952988247062,1.0
3.8129532383095777,1.0
3.8139534883720936,1.0
3.814953738434609,1.0
3.8159539884971245,1.0
3.8169542385596404,1.0
3.817954488622156,1.0
3.8189547386846714,1.0
3.8199549887471873,1.0
3.820955238809703,1.0
3.8219554888722183,1.0
3.822955738934734,1.0
3.8239559889972496,1.0
3.8249562390597656,1.0
3.825956489122281,1.0
3.8269567391847965,1.0
3.8279569892473124,1.0
3.828957239309828,1.0
3.8299574893723434,1.0
3.8309577394348593,1.0
3.8319579894973748,1.0
3.8329582395598902,1.0
3.833958489622406,1.0
3.8349587396849216,1.0
3.835958989747437,1.0
3.836959239809953,1.0
3.8379594898724685,1.0
3.838959739934984,1.0
3.8399599899975,1.0
3.8409602400600154,1.0
3.841960490122531,1.0
3.8429607401850467,1.0
3.843960990247562,1.0
3.844961240310078,1.0
3.8459614903725936,1.0
3.846961740435109,1.0
3.847961990497625,1.0
3.8489622405601405,1.0
3.849962490622656,1.0
3.850962740685172,1.0
3.8519629907476873,1.0
3.852963240810203,1.0
3.8539634908727187,1.0
3.854963740935234,1.0
3.8559639909977497,1.0
3.8569642410602656,1.0
3.857964491122781,1.0
3.8589647411852965,1.0
3.8599649912478124,1.0
3.860965241310328,1.0
3.8619654913728434,1.0
3.8629657414353593,1.0
3.863965991497875,1.0
3.8649662415603907,1.0
3.865966491622906,1.0
3.8669667416854216,1.0
3.8679669917479376,1.0
3.868967241810453,1.0
3.8699674918729685,1.0
3.8709677419354844,1.0
3.871967991998,1.0
3.8729682420605154,1.0
3.8739684921230313,1.0
3.8749687421855468,1.0
3.8759689922480622,0.0
3.876969242310578,0.0
3.8779694923730936,0.0
3.878969742435609,0.0
3.879969992498125,0.0
3.8809702425606405,0.0
3.8819704926231564,0.0
3.882970742685672,0.0
3.8839709927481874,0.0
3.8849712428107033,0.0
3.8859714928732187,0.0
3.886971742935734,0.0
3.88797199299825,0.0
3.8889722430607656,0.0
3.889972493123281,0.0
3.890972743185797,0.0
3.8919729932483125,0.0
3.892973243310828,0.0
3.893973493373344,0.0
3.8949737434358593,0.0
3.895973993498375,0.0
3.8969742435608907,0.0
3.897974493623406,0.0
3.8989747436859217,0.0
3.8999749937484376,0.0
3.900975243810953,0.0
3.901975493873469,0.0
3.9029757439359845,0.0
3.9039759939985,0.0
3.904976244061016,0.0
3.9059764941235313,0.0
3.906976744186047,0.0
3.9079769942485627,0.0
3.908977244311078,0.0
3.9099774943735937,0.0
3.9109777444361096,0.0
3.911977994498625,0.0
3.9129782445611405,0.0
3.9139784946236564,0.0
3.914978744686172,0.0
3.9159789947486874,0.0
3.9169792448112033,0.0
3.9179794948737188,0.0
3.9189797449362347,0.0
3.91997999499875,0.0
3.9209802450612656,0.0
3.9219804951237816,0.0
3.922980745186297,0.0
3.9239809952488125,0.0
3.9249812453113284,0.0
3.925981495373844,0.0
3.9269817454363594,0.0
3.9279819954988753,0.0
3.9289822455613908,0.0
3.9299824956239062,0.0
3.930982745686422,0.0
3.9319829957489376,0.0
3.932983245811453,0.0
3.933983495873969,0.0
3.9349837459364845,0.0
3.935983995999,0.0
3.936984246061516,0.0
3.9379844961240313,0.0
3.9389847461865473,0.0
3.9399849962490627,0.0
3.940985246311578,0.0
3.941985496374094,0.0
3.9429857464366096,0.0
3.943985996499125,0.0
3.944986246561641,0.0
3.9459864966241565,0.0
3.946986746686672,0.0
3.947986996749188,0.0
3.9489872468117033,0.0
3.949987496874219,0.0
3.9509877469367347,0.0
3.95198799699925,0.0
3.9529882470617657,0.0
3.9539884971242816,0.0
3.954988747186797,0.0
3.9559889972493125,0.0
3.9569892473118284,0.0
3.957989497374344,0.0
3.95898974743686,0.0
3.9599899974993753,0.0
3.9609902475618908,0.0
3.9619904976244067,0.0
3.962990747686922,0.0
3.9639909977494376,0.0
3.9649912478119536,0.0
3.965991497874469,0.0
3.9669917479369845,0.0
3.9679919979995004,0.0
3.968992248062016,0.0
3.9699924981245314,0.0
3.9709927481870473,0.0
3.9719929982495628,0.0
3.9729932483120782,0.0
3.973993498374594,0.0
3.9749937484371096,0.0
3.9759939984996255,0.0
3.976994248562141,0.0
3.9779944986246565,0.0
3.9789947486871724,0.0
3.979994998749688,0.0
3.9809952488122033,0.0
3.9819954988747193,0.0
3.9829957489372347,0.0
3.98399599899975,0.0
3.984996249062266,0.0
3.9859964991247816,0.0
3.986996749187297,0.0
3.987996999249813,0.0
3.9889972493123285,0.0
3.989997499374844,0.0
3.99099774943736,0.0
3.9919979994998753,0.0
3.992998249562391,0.0
3.9939984996249067,0.0
3.994998749687422,0.0
3.995998999749938,0.0
3.9969992498124536,0.0
3.997999499874969,0.0
3.998999749937485,0.0
4.0,1.0
